"date","age_group","age_low","age_up","region","n_positive","total_samples","assay"
"2020-03-26","15_64",15,64,"london",8,365,"euro_immun"
"2020-03-27","15_64",15,64,"london",11,323,"euro_immun"
"2020-04-09","15_64",15,64,"london",18,215,"euro_immun"
"2020-04-10","15_64",15,64,"london",28,266,"euro_immun"
"2020-04-11","15_64",15,64,"london",9,80,"euro_immun"
"2020-04-12","15_64",15,64,"london",14,105,"euro_immun"
"2020-04-13","15_64",15,64,"london",32,326,"euro_immun"
"2020-04-30","15_64",15,64,"london",4,58,"euro_immun"
"2020-05-01","15_64",15,64,"london",61,445,"euro_immun"
"2020-05-02","15_64",15,64,"london",27,218,"euro_immun"
"2020-05-03","15_64",15,64,"london",29,223,"euro_immun"
"2020-05-07","15_64",15,64,"london",3,7,"euro_immun"
"2020-05-08","15_64",15,64,"london",0,2,"euro_immun"
"2020-05-10","15_64",15,64,"london",0,11,"euro_immun"
"2020-05-21","15_64",15,64,"london",69,466,"euro_immun"
"2020-05-22","15_64",15,64,"london",31,233,"euro_immun"
"2020-05-28","15_64",15,64,"london",2,42,"euro_immun"
"2020-05-29","15_64",15,64,"london",0,4,"euro_immun"
"2020-06-05","15_64",15,64,"london",48,381,"euro_immun"
"2020-06-07","15_64",15,64,"london",47,276,"euro_immun"
"2020-06-08","15_64",15,64,"london",29,223,"euro_immun"
"2020-06-19","15_64",15,64,"london",43,388,"euro_immun"
"2020-06-22","15_64",15,64,"london",51,376,"euro_immun"
"2020-06-26","15_64",15,64,"london",4,21,"euro_immun"
"2020-06-29","15_64",15,64,"london",4,40,"euro_immun"
"2020-07-03","15_64",15,64,"london",23,242,"euro_immun"
"2020-07-04","15_64",15,64,"london",17,162,"euro_immun"
"2020-07-05","15_64",15,64,"london",22,234,"euro_immun"
"2020-07-06","15_64",15,64,"london",25,284,"euro_immun"
"2020-07-17","15_64",15,64,"london",31,336,"euro_immun"
"2020-07-19","15_64",15,64,"london",5,73,"euro_immun"
"2020-07-20","15_64",15,64,"london",36,454,"euro_immun"
"2020-07-24","15_64",15,64,"london",4,81,"euro_immun"
"2020-07-26","15_64",15,64,"london",1,10,"euro_immun"
"2020-07-27","15_64",15,64,"london",2,7,"euro_immun"
"2020-07-28","15_64",15,64,"london",0,2,"euro_immun"
"2020-07-30","15_64",15,64,"london",26,270,"euro_immun"
"2020-07-31","15_64",15,64,"london",23,232,"euro_immun"
"2020-08-02","15_64",15,64,"london",16,219,"euro_immun"
"2020-08-13","15_64",15,64,"london",30,327,"euro_immun"
"2020-08-14","15_64",15,64,"london",18,246,"euro_immun"
"2020-08-16","15_64",15,64,"london",23,295,"euro_immun"
"2020-08-19","15_64",15,64,"london",1,17,"euro_immun"
"2020-08-21","15_64",15,64,"london",1,3,"euro_immun"
"2020-08-24","15_64",15,64,"london",1,11,"euro_immun"
"2020-08-27","15_64",15,64,"london",50,470,"euro_immun"
"2020-08-28","15_64",15,64,"london",47,376,"euro_immun"
"2020-09-11","15_64",15,64,"london",51,569,"euro_immun"
"2020-09-12","15_64",15,64,"london",14,184,"euro_immun"
"2020-09-13","15_64",15,64,"london",24,187,"euro_immun"
"2020-09-16","15_64",15,64,"london",3,38,"euro_immun"
"2020-09-18","15_64",15,64,"london",4,74,"euro_immun"
"2020-09-25","15_64",15,64,"london",44,417,"euro_immun"
"2020-09-27","15_64",15,64,"london",20,242,"euro_immun"
"2020-09-28","15_64",15,64,"london",24,188,"euro_immun"
"2020-10-07","15_64",15,64,"london",69,611,"euro_immun"
"2020-10-08","15_64",15,64,"london",18,291,"euro_immun"
"2020-10-14","15_64",15,64,"london",3,46,"euro_immun"
"2020-10-15","15_64",15,64,"london",5,59,"euro_immun"
"2020-10-16","15_64",15,64,"london",0,14,"euro_immun"
"2020-10-17","15_64",15,64,"london",0,1,"euro_immun"
"2020-10-18","15_64",15,64,"london",0,10,"euro_immun"
"2020-10-21","15_64",15,64,"london",37,402,"euro_immun"
"2020-10-22","15_64",15,64,"london",9,120,"euro_immun"
"2020-10-23","15_64",15,64,"london",25,308,"euro_immun"
"2020-10-29","15_64",15,64,"london",0,12,"euro_immun"
"2020-10-31","15_64",15,64,"london",2,14,"euro_immun"
"2020-11-01","15_64",15,64,"london",21,216,"euro_immun"
"2020-11-07","15_64",15,64,"london",21,220,"euro_immun"
"2020-11-08","15_64",15,64,"london",1,8,"euro_immun"
"2020-11-09","15_64",15,64,"london",2,12,"euro_immun"
"2020-11-13","15_64",15,64,"london",1,3,"euro_immun"
"2020-11-15","15_64",15,64,"london",28,279,"euro_immun"
"2020-11-20","15_64",15,64,"london",1,20,"euro_immun"
"2020-11-21","15_64",15,64,"london",0,1,"euro_immun"
"2020-11-22","15_64",15,64,"london",26,260,"euro_immun"
"2020-11-28","15_64",15,64,"london",2,33,"euro_immun"
"2020-11-29","15_64",15,64,"london",24,268,"euro_immun"
"2020-12-04","15_64",15,64,"london",0,5,"euro_immun"
"2020-12-06","15_64",15,64,"london",36,237,"euro_immun"
"2020-12-12","15_64",15,64,"london",21,261,"euro_immun"
"2020-12-14","15_64",15,64,"london",5,18,"euro_immun"
"2020-12-18","15_64",15,64,"london",1,20,"euro_immun"
"2020-12-20","15_64",15,64,"london",39,258,"euro_immun"
"2020-12-31","15_64",15,64,"london",31,222,"euro_immun"
"2021-01-04","15_64",15,64,"london",0,6,"euro_immun"
"2021-01-09","15_64",15,64,"london",0,3,"euro_immun"
"2021-01-10","15_64",15,64,"london",42,275,"euro_immun"
"2021-01-11","15_64",15,64,"london",0,1,"euro_immun"
"2021-01-15","15_64",15,64,"london",0,3,"euro_immun"
"2021-01-17","15_64",15,64,"london",33,194,"euro_immun"
"2021-01-24","15_64",15,64,"london",64,254,"euro_immun"
"2021-01-31","15_64",15,64,"london",62,310,"euro_immun"
"2021-02-06","15_64",15,64,"london",0,3,"euro_immun"
"2021-02-07","15_64",15,64,"london",63,271,"euro_immun"
"2021-02-13","15_64",15,64,"london",3,4,"euro_immun"
"2021-02-14","15_64",15,64,"london",66,273,"euro_immun"
"2021-02-21","15_64",15,64,"london",68,254,"euro_immun"
"2021-02-22","15_64",15,64,"london",5,17,"euro_immun"
"2020-03-26","15_64",15,64,"east_of_england",0,16,"euro_immun"
"2020-03-27","15_64",15,64,"east_of_england",2,12,"euro_immun"
"2020-04-02","15_64",15,64,"east_of_england",1,39,"euro_immun"
"2020-04-03","15_64",15,64,"east_of_england",0,13,"euro_immun"
"2020-04-09","15_64",15,64,"east_of_england",1,27,"euro_immun"
"2020-04-10","15_64",15,64,"east_of_england",0,4,"euro_immun"
"2020-04-12","15_64",15,64,"east_of_england",2,3,"euro_immun"
"2020-04-13","15_64",15,64,"east_of_england",1,6,"euro_immun"
"2020-04-24","15_64",15,64,"east_of_england",3,32,"euro_immun"
"2020-04-30","15_64",15,64,"east_of_england",1,14,"euro_immun"
"2020-05-01","15_64",15,64,"east_of_england",4,22,"euro_immun"
"2020-05-02","15_64",15,64,"east_of_england",0,2,"euro_immun"
"2020-05-03","15_64",15,64,"east_of_england",1,18,"euro_immun"
"2020-05-07","15_64",15,64,"east_of_england",33,503,"euro_immun"
"2020-05-08","15_64",15,64,"east_of_england",20,171,"euro_immun"
"2020-05-10","15_64",15,64,"east_of_england",15,181,"euro_immun"
"2020-05-15","15_64",15,64,"east_of_england",0,2,"euro_immun"
"2020-05-21","15_64",15,64,"east_of_england",1,10,"euro_immun"
"2020-05-22","15_64",15,64,"east_of_england",1,19,"euro_immun"
"2020-05-28","15_64",15,64,"east_of_england",25,528,"euro_immun"
"2020-05-29","15_64",15,64,"east_of_england",26,482,"euro_immun"
"2020-06-05","15_64",15,64,"east_of_england",1,17,"euro_immun"
"2020-06-07","15_64",15,64,"east_of_england",0,8,"euro_immun"
"2020-06-08","15_64",15,64,"east_of_england",1,4,"euro_immun"
"2020-06-15","15_64",15,64,"east_of_england",0,22,"euro_immun"
"2020-06-16","15_64",15,64,"east_of_england",0,1,"euro_immun"
"2020-06-19","15_64",15,64,"east_of_england",2,11,"euro_immun"
"2020-06-22","15_64",15,64,"east_of_england",1,10,"euro_immun"
"2020-06-26","15_64",15,64,"east_of_england",18,392,"euro_immun"
"2020-06-29","15_64",15,64,"east_of_england",20,396,"euro_immun"
"2020-07-03","15_64",15,64,"east_of_england",3,19,"euro_immun"
"2020-07-05","15_64",15,64,"east_of_england",1,7,"euro_immun"
"2020-07-10","15_64",15,64,"east_of_england",5,36,"euro_immun"
"2020-07-17","15_64",15,64,"east_of_england",2,15,"euro_immun"
"2020-07-20","15_64",15,64,"east_of_england",2,7,"euro_immun"
"2020-07-24","15_64",15,64,"east_of_england",1,12,"euro_immun"
"2020-07-25","15_64",15,64,"east_of_england",9,98,"euro_immun"
"2020-07-26","15_64",15,64,"east_of_england",10,179,"euro_immun"
"2020-07-27","15_64",15,64,"east_of_england",24,394,"euro_immun"
"2020-07-28","15_64",15,64,"east_of_england",8,150,"euro_immun"
"2020-07-30","15_64",15,64,"east_of_england",6,62,"euro_immun"
"2020-07-31","15_64",15,64,"east_of_england",1,28,"euro_immun"
"2020-08-02","15_64",15,64,"east_of_england",2,26,"euro_immun"
"2020-08-06","15_64",15,64,"east_of_england",0,16,"euro_immun"
"2020-08-13","15_64",15,64,"east_of_england",1,28,"euro_immun"
"2020-08-14","15_64",15,64,"east_of_england",0,6,"euro_immun"
"2020-08-16","15_64",15,64,"east_of_england",0,10,"euro_immun"
"2020-08-19","15_64",15,64,"east_of_england",0,7,"euro_immun"
"2020-08-21","15_64",15,64,"east_of_england",20,516,"euro_immun"
"2020-08-24","15_64",15,64,"east_of_england",15,265,"euro_immun"
"2020-08-27","15_64",15,64,"east_of_england",1,11,"euro_immun"
"2020-08-28","15_64",15,64,"east_of_england",3,37,"euro_immun"
"2020-09-03","15_64",15,64,"east_of_england",0,13,"euro_immun"
"2020-09-11","15_64",15,64,"east_of_england",1,8,"euro_immun"
"2020-09-12","15_64",15,64,"east_of_england",0,4,"euro_immun"
"2020-09-13","15_64",15,64,"east_of_england",0,2,"euro_immun"
"2020-09-16","15_64",15,64,"east_of_england",33,566,"euro_immun"
"2020-09-18","15_64",15,64,"east_of_england",9,174,"euro_immun"
"2020-09-25","15_64",15,64,"east_of_england",0,17,"euro_immun"
"2020-09-27","15_64",15,64,"east_of_england",0,7,"euro_immun"
"2020-09-28","15_64",15,64,"east_of_england",0,6,"euro_immun"
"2020-10-07","15_64",15,64,"east_of_england",0,13,"euro_immun"
"2020-10-08","15_64",15,64,"east_of_england",0,15,"euro_immun"
"2020-10-14","15_64",15,64,"east_of_england",0,5,"euro_immun"
"2020-10-16","15_64",15,64,"east_of_england",26,521,"euro_immun"
"2020-10-17","15_64",15,64,"east_of_england",3,91,"euro_immun"
"2020-10-18","15_64",15,64,"east_of_england",17,255,"euro_immun"
"2020-10-21","15_64",15,64,"east_of_england",0,15,"euro_immun"
"2020-10-23","15_64",15,64,"east_of_england",2,22,"euro_immun"
"2020-10-31","15_64",15,64,"east_of_england",7,116,"euro_immun"
"2020-11-01","15_64",15,64,"east_of_england",6,113,"euro_immun"
"2020-11-07","15_64",15,64,"east_of_england",1,12,"euro_immun"
"2020-11-08","15_64",15,64,"east_of_england",13,207,"euro_immun"
"2020-11-15","15_64",15,64,"east_of_england",19,178,"euro_immun"
"2020-11-21","15_64",15,64,"east_of_england",12,125,"euro_immun"
"2020-11-22","15_64",15,64,"east_of_england",5,112,"euro_immun"
"2020-11-27","15_64",15,64,"east_of_england",7,175,"euro_immun"
"2020-11-28","15_64",15,64,"east_of_england",1,8,"euro_immun"
"2020-11-29","15_64",15,64,"east_of_england",0,3,"euro_immun"
"2020-11-30","15_64",15,64,"east_of_england",0,1,"euro_immun"
"2020-12-04","15_64",15,64,"east_of_england",18,251,"euro_immun"
"2020-12-06","15_64",15,64,"east_of_england",3,46,"euro_immun"
"2020-12-12","15_64",15,64,"east_of_england",0,3,"euro_immun"
"2020-12-14","15_64",15,64,"east_of_england",13,214,"euro_immun"
"2020-12-19","15_64",15,64,"east_of_england",2,99,"euro_immun"
"2020-12-20","15_64",15,64,"east_of_england",7,150,"euro_immun"
"2020-12-31","15_64",15,64,"east_of_england",0,13,"euro_immun"
"2021-01-04","15_64",15,64,"east_of_england",16,219,"euro_immun"
"2021-01-10","15_64",15,64,"east_of_england",0,6,"euro_immun"
"2021-01-11","15_64",15,64,"east_of_england",26,237,"euro_immun"
"2021-01-16","15_64",15,64,"east_of_england",3,126,"euro_immun"
"2021-01-17","15_64",15,64,"east_of_england",16,181,"euro_immun"
"2021-01-24","15_64",15,64,"east_of_england",0,4,"euro_immun"
"2021-01-25","15_64",15,64,"east_of_england",23,245,"euro_immun"
"2021-01-31","15_64",15,64,"east_of_england",31,187,"euro_immun"
"2021-02-01","15_64",15,64,"east_of_england",0,3,"euro_immun"
"2021-02-06","15_64",15,64,"east_of_england",22,130,"euro_immun"
"2021-02-07","15_64",15,64,"east_of_england",20,116,"euro_immun"
"2021-02-13","15_64",15,64,"east_of_england",20,125,"euro_immun"
"2021-02-14","15_64",15,64,"east_of_england",22,117,"euro_immun"
"2021-02-21","15_64",15,64,"east_of_england",0,2,"euro_immun"
"2021-02-22","15_64",15,64,"east_of_england",42,216,"euro_immun"
"2020-04-02","15_64",15,64,"midlands",18,506,"euro_immun"
"2020-04-03","15_64",15,64,"midlands",4,250,"euro_immun"
"2020-04-15","15_64",15,64,"midlands",0,7,"euro_immun"
"2020-04-16","15_64",15,64,"midlands",4,49,"euro_immun"
"2020-04-23","15_64",15,64,"midlands",42,577,"euro_immun"
"2020-04-24","15_64",15,64,"midlands",17,327,"euro_immun"
"2020-04-25","15_64",15,64,"midlands",0,1,"euro_immun"
"2020-05-06","15_64",15,64,"midlands",2,3,"euro_immun"
"2020-05-07","15_64",15,64,"midlands",9,80,"euro_immun"
"2020-05-08","15_64",15,64,"midlands",0,3,"euro_immun"
"2020-05-13","15_64",15,64,"midlands",0,1,"euro_immun"
"2020-05-14","15_64",15,64,"midlands",14,311,"euro_immun"
"2020-05-15","15_64",15,64,"midlands",30,422,"euro_immun"
"2020-05-22","15_64",15,64,"midlands",0,1,"euro_immun"
"2020-05-28","15_64",15,64,"midlands",0,5,"euro_immun"
"2020-05-29","15_64",15,64,"midlands",0,11,"euro_immun"
"2020-06-04","15_64",15,64,"midlands",0,1,"euro_immun"
"2020-06-05","15_64",15,64,"midlands",0,1,"euro_immun"
"2020-06-10","15_64",15,64,"midlands",0,3,"euro_immun"
"2020-06-11","15_64",15,64,"midlands",31,490,"euro_immun"
"2020-06-14","15_64",15,64,"midlands",5,78,"euro_immun"
"2020-06-15","15_64",15,64,"midlands",24,300,"euro_immun"
"2020-06-16","15_64",15,64,"midlands",10,116,"euro_immun"
"2020-06-19","15_64",15,64,"midlands",0,5,"euro_immun"
"2020-06-22","15_64",15,64,"midlands",0,1,"euro_immun"
"2020-06-26","15_64",15,64,"midlands",2,49,"euro_immun"
"2020-06-29","15_64",15,64,"midlands",0,8,"euro_immun"
"2020-07-02","15_64",15,64,"midlands",0,5,"euro_immun"
"2020-07-03","15_64",15,64,"midlands",0,3,"euro_immun"
"2020-07-08","15_64",15,64,"midlands",2,9,"euro_immun"
"2020-07-10","15_64",15,64,"midlands",41,607,"euro_immun"
"2020-07-13","15_64",15,64,"midlands",8,172,"euro_immun"
"2020-07-17","15_64",15,64,"midlands",0,1,"euro_immun"
"2020-07-24","15_64",15,64,"midlands",0,1,"euro_immun"
"2020-07-25","15_64",15,64,"midlands",0,1,"euro_immun"
"2020-07-26","15_64",15,64,"midlands",3,59,"euro_immun"
"2020-07-27","15_64",15,64,"midlands",0,5,"euro_immun"
"2020-07-28","15_64",15,64,"midlands",0,9,"euro_immun"
"2020-07-29","15_64",15,64,"midlands",0,14,"euro_immun"
"2020-07-31","15_64",15,64,"midlands",0,2,"euro_immun"
"2020-08-05","15_64",15,64,"midlands",1,25,"euro_immun"
"2020-08-06","15_64",15,64,"midlands",34,645,"euro_immun"
"2020-08-07","15_64",15,64,"midlands",7,148,"euro_immun"
"2020-08-13","15_64",15,64,"midlands",0,1,"euro_immun"
"2020-08-14","15_64",15,64,"midlands",0,5,"euro_immun"
"2020-08-19","15_64",15,64,"midlands",0,1,"euro_immun"
"2020-08-21","15_64",15,64,"midlands",2,28,"euro_immun"
"2020-08-24","15_64",15,64,"midlands",4,91,"euro_immun"
"2020-08-26","15_64",15,64,"midlands",0,3,"euro_immun"
"2020-08-28","15_64",15,64,"midlands",4,38,"euro_immun"
"2020-09-02","15_64",15,64,"midlands",0,3,"euro_immun"
"2020-09-03","15_64",15,64,"midlands",34,591,"euro_immun"
"2020-09-05","15_64",15,64,"midlands",13,133,"euro_immun"
"2020-09-06","15_64",15,64,"midlands",12,161,"euro_immun"
"2020-09-09","15_64",15,64,"midlands",0,1,"euro_immun"
"2020-09-11","15_64",15,64,"midlands",0,1,"euro_immun"
"2020-09-16","15_64",15,64,"midlands",0,53,"euro_immun"
"2020-09-18","15_64",15,64,"midlands",0,6,"euro_immun"
"2020-09-24","15_64",15,64,"midlands",0,3,"euro_immun"
"2020-09-25","15_64",15,64,"midlands",0,1,"euro_immun"
"2020-09-30","15_64",15,64,"midlands",2,17,"euro_immun"
"2020-10-01","15_64",15,64,"midlands",0,2,"euro_immun"
"2020-10-02","15_64",15,64,"midlands",42,574,"euro_immun"
"2020-10-03","15_64",15,64,"midlands",13,208,"euro_immun"
"2020-10-04","15_64",15,64,"midlands",3,94,"euro_immun"
"2020-10-09","15_64",15,64,"midlands",0,1,"euro_immun"
"2020-10-10","15_64",15,64,"midlands",0,2,"euro_immun"
"2020-10-14","15_64",15,64,"midlands",1,9,"euro_immun"
"2020-10-16","15_64",15,64,"midlands",0,17,"euro_immun"
"2020-10-17","15_64",15,64,"midlands",0,1,"euro_immun"
"2020-10-22","15_64",15,64,"midlands",0,4,"euro_immun"
"2020-10-23","15_64",15,64,"midlands",0,2,"euro_immun"
"2020-10-28","15_64",15,64,"midlands",2,32,"euro_immun"
"2020-10-29","15_64",15,64,"midlands",0,10,"euro_immun"
"2020-10-31","15_64",15,64,"midlands",1,2,"euro_immun"
"2020-11-01","15_64",15,64,"midlands",1,7,"euro_immun"
"2020-11-02","15_64",15,64,"midlands",12,219,"euro_immun"
"2020-11-04","15_64",15,64,"midlands",1,4,"euro_immun"
"2020-11-06","15_64",15,64,"midlands",18,238,"euro_immun"
"2020-11-08","15_64",15,64,"midlands",0,2,"euro_immun"
"2020-11-09","15_64",15,64,"midlands",0,15,"euro_immun"
"2020-11-12","15_64",15,64,"midlands",1,5,"euro_immun"
"2020-11-13","15_64",15,64,"midlands",0,4,"euro_immun"
"2020-11-15","15_64",15,64,"midlands",5,53,"euro_immun"
"2020-11-16","15_64",15,64,"midlands",18,218,"euro_immun"
"2020-11-18","15_64",15,64,"midlands",0,2,"euro_immun"
"2020-11-19","15_64",15,64,"midlands",0,2,"euro_immun"
"2020-11-20","15_64",15,64,"midlands",1,47,"euro_immun"
"2020-11-23","15_64",15,64,"midlands",11,191,"euro_immun"
"2020-11-25","15_64",15,64,"midlands",0,3,"euro_immun"
"2020-11-26","15_64",15,64,"midlands",1,6,"euro_immun"
"2020-11-27","15_64",15,64,"midlands",2,53,"euro_immun"
"2020-11-30","15_64",15,64,"midlands",4,131,"euro_immun"
"2020-12-03","15_64",15,64,"midlands",0,2,"euro_immun"
"2020-12-04","15_64",15,64,"midlands",0,3,"euro_immun"
"2020-12-07","15_64",15,64,"midlands",15,236,"euro_immun"
"2020-12-11","15_64",15,64,"midlands",2,18,"euro_immun"
"2020-12-12","15_64",15,64,"midlands",14,129,"euro_immun"
"2020-12-13","15_64",15,64,"midlands",8,120,"euro_immun"
"2020-12-16","15_64",15,64,"midlands",1,38,"euro_immun"
"2020-12-17","15_64",15,64,"midlands",0,1,"euro_immun"
"2020-12-18","15_64",15,64,"midlands",23,246,"euro_immun"
"2020-12-20","15_64",15,64,"midlands",0,1,"euro_immun"
"2020-12-30","15_64",15,64,"midlands",1,4,"euro_immun"
"2020-12-31","15_64",15,64,"midlands",0,4,"euro_immun"
"2021-01-03","15_64",15,64,"midlands",24,242,"euro_immun"
"2021-01-04","15_64",15,64,"midlands",2,9,"euro_immun"
"2021-01-08","15_64",15,64,"midlands",32,235,"euro_immun"
"2021-01-11","15_64",15,64,"midlands",0,1,"euro_immun"
"2021-01-15","15_64",15,64,"midlands",2,12,"euro_immun"
"2021-01-16","15_64",15,64,"midlands",0,3,"euro_immun"
"2021-01-17","15_64",15,64,"midlands",0,3,"euro_immun"
"2021-01-18","15_64",15,64,"midlands",29,250,"euro_immun"
"2021-01-21","15_64",15,64,"midlands",1,2,"euro_immun"
"2021-01-22","15_64",15,64,"midlands",0,8,"euro_immun"
"2021-01-25","15_64",15,64,"midlands",31,191,"euro_immun"
"2021-01-29","15_64",15,64,"midlands",0,1,"euro_immun"
"2021-01-31","15_64",15,64,"midlands",1,1,"euro_immun"
"2021-02-01","15_64",15,64,"midlands",42,229,"euro_immun"
"2021-02-04","15_64",15,64,"midlands",0,1,"euro_immun"
"2021-02-05","15_64",15,64,"midlands",0,1,"euro_immun"
"2021-02-06","15_64",15,64,"midlands",1,2,"euro_immun"
"2021-02-08","15_64",15,64,"midlands",40,135,"euro_immun"
"2021-02-12","15_64",15,64,"midlands",0,1,"euro_immun"
"2021-02-14","15_64",15,64,"midlands",0,1,"euro_immun"
"2021-02-15","15_64",15,64,"midlands",60,244,"euro_immun"
"2021-02-19","15_64",15,64,"midlands",8,41,"euro_immun"
"2021-02-22","15_64",15,64,"midlands",61,243,"euro_immun"
"2020-04-14","15_64",15,64,"north_east_and_yorkshire",0,1,"euro_immun"
"2020-04-15","15_64",15,64,"north_east_and_yorkshire",25,550,"euro_immun"
"2020-04-16","15_64",15,64,"north_east_and_yorkshire",18,362,"euro_immun"
"2020-05-06","15_64",15,64,"north_east_and_yorkshire",0,2,"euro_immun"
"2020-05-07","15_64",15,64,"north_east_and_yorkshire",0,3,"euro_immun"
"2020-05-13","15_64",15,64,"north_east_and_yorkshire",33,436,"euro_immun"
"2020-05-14","15_64",15,64,"north_east_and_yorkshire",31,481,"euro_immun"
"2020-06-05","15_64",15,64,"north_east_and_yorkshire",0,1,"euro_immun"
"2020-06-10","15_64",15,64,"north_east_and_yorkshire",22,441,"euro_immun"
"2020-06-11","15_64",15,64,"north_east_and_yorkshire",34,442,"euro_immun"
"2020-06-12","15_64",15,64,"north_east_and_yorkshire",4,70,"euro_immun"
"2020-07-03","15_64",15,64,"north_east_and_yorkshire",0,2,"euro_immun"
"2020-07-08","15_64",15,64,"north_east_and_yorkshire",18,438,"euro_immun"
"2020-07-09","15_64",15,64,"north_east_and_yorkshire",22,454,"euro_immun"
"2020-07-29","15_64",15,64,"north_east_and_yorkshire",2,37,"euro_immun"
"2020-07-30","15_64",15,64,"north_east_and_yorkshire",0,5,"euro_immun"
"2020-08-05","15_64",15,64,"north_east_and_yorkshire",35,684,"euro_immun"
"2020-08-06","15_64",15,64,"north_east_and_yorkshire",10,171,"euro_immun"
"2020-08-27","15_64",15,64,"north_east_and_yorkshire",0,2,"euro_immun"
"2020-09-02","15_64",15,64,"north_east_and_yorkshire",16,377,"euro_immun"
"2020-09-03","15_64",15,64,"north_east_and_yorkshire",23,495,"euro_immun"
"2020-09-25","15_64",15,64,"north_east_and_yorkshire",0,1,"euro_immun"
"2020-09-30","15_64",15,64,"north_east_and_yorkshire",31,445,"euro_immun"
"2020-10-01","15_64",15,64,"north_east_and_yorkshire",24,385,"euro_immun"
"2020-10-21","15_64",15,64,"north_east_and_yorkshire",0,2,"euro_immun"
"2020-10-28","15_64",15,64,"north_east_and_yorkshire",14,211,"euro_immun"
"2020-11-05","15_64",15,64,"north_east_and_yorkshire",10,215,"euro_immun"
"2020-11-12","15_64",15,64,"north_east_and_yorkshire",15,239,"euro_immun"
"2020-11-18","15_64",15,64,"north_east_and_yorkshire",12,212,"euro_immun"
"2020-11-26","15_64",15,64,"north_east_and_yorkshire",20,228,"euro_immun"
"2020-12-02","15_64",15,64,"north_east_and_yorkshire",22,225,"euro_immun"
"2020-12-10","15_64",15,64,"north_east_and_yorkshire",14,212,"euro_immun"
"2020-12-11","15_64",15,64,"north_east_and_yorkshire",0,8,"euro_immun"
"2020-12-16","15_64",15,64,"north_east_and_yorkshire",11,171,"euro_immun"
"2020-12-31","15_64",15,64,"north_east_and_yorkshire",30,237,"euro_immun"
"2021-01-07","15_64",15,64,"north_east_and_yorkshire",32,229,"euro_immun"
"2021-01-08","15_64",15,64,"north_east_and_yorkshire",0,1,"euro_immun"
"2021-01-14","15_64",15,64,"north_east_and_yorkshire",27,206,"euro_immun"
"2021-01-21","15_64",15,64,"north_east_and_yorkshire",39,237,"euro_immun"
"2021-01-28","15_64",15,64,"north_east_and_yorkshire",42,223,"euro_immun"
"2021-01-29","15_64",15,64,"north_east_and_yorkshire",1,1,"euro_immun"
"2021-02-05","15_64",15,64,"north_east_and_yorkshire",56,223,"euro_immun"
"2021-02-11","15_64",15,64,"north_east_and_yorkshire",0,4,"euro_immun"
"2021-02-12","15_64",15,64,"north_east_and_yorkshire",65,219,"euro_immun"
"2021-02-18","15_64",15,64,"north_east_and_yorkshire",62,224,"euro_immun"
"2020-04-02","15_64",15,64,"north_west",0,2,"euro_immun"
"2020-04-03","15_64",15,64,"north_west",0,3,"euro_immun"
"2020-04-15","15_64",15,64,"north_west",11,212,"euro_immun"
"2020-04-16","15_64",15,64,"north_west",27,340,"euro_immun"
"2020-04-17","15_64",15,64,"north_west",15,300,"euro_immun"
"2020-04-20","15_64",15,64,"north_west",0,1,"euro_immun"
"2020-05-06","15_64",15,64,"north_west",35,322,"euro_immun"
"2020-05-07","15_64",15,64,"north_west",47,487,"euro_immun"
"2020-05-08","15_64",15,64,"north_west",10,107,"euro_immun"
"2020-05-14","15_64",15,64,"north_west",0,1,"euro_immun"
"2020-06-04","15_64",15,64,"north_west",36,445,"euro_immun"
"2020-06-05","15_64",15,64,"north_west",32,374,"euro_immun"
"2020-06-06","15_64",15,64,"north_west",11,133,"euro_immun"
"2020-06-11","15_64",15,64,"north_west",0,1,"euro_immun"
"2020-06-15","15_64",15,64,"north_west",0,1,"euro_immun"
"2020-07-01","15_64",15,64,"north_west",16,205,"euro_immun"
"2020-07-02","15_64",15,64,"north_west",36,372,"euro_immun"
"2020-07-03","15_64",15,64,"north_west",17,299,"euro_immun"
"2020-07-29","15_64",15,64,"north_west",29,320,"euro_immun"
"2020-07-30","15_64",15,64,"north_west",24,253,"euro_immun"
"2020-07-31","15_64",15,64,"north_west",12,271,"euro_immun"
"2020-08-26","15_64",15,64,"north_west",17,338,"euro_immun"
"2020-08-27","15_64",15,64,"north_west",3,22,"euro_immun"
"2020-08-28","15_64",15,64,"north_west",22,309,"euro_immun"
"2020-09-02","15_64",15,64,"north_west",0,7,"euro_immun"
"2020-09-03","15_64",15,64,"north_west",0,1,"euro_immun"
"2020-09-23","15_64",15,64,"north_west",21,373,"euro_immun"
"2020-09-24","15_64",15,64,"north_west",20,389,"euro_immun"
"2020-09-25","15_64",15,64,"north_west",9,126,"euro_immun"
"2020-09-30","15_64",15,64,"north_west",0,8,"euro_immun"
"2020-10-21","15_64",15,64,"north_west",38,433,"euro_immun"
"2020-10-22","15_64",15,64,"north_west",19,304,"euro_immun"
"2020-10-23","15_64",15,64,"north_west",9,146,"euro_immun"
"2020-10-29","15_64",15,64,"north_west",16,201,"euro_immun"
"2020-11-02","15_64",15,64,"north_west",0,1,"euro_immun"
"2020-11-04","15_64",15,64,"north_west",17,200,"euro_immun"
"2020-11-11","15_64",15,64,"north_west",31,223,"euro_immun"
"2020-11-18","15_64",15,64,"north_west",0,4,"euro_immun"
"2020-11-19","15_64",15,64,"north_west",23,229,"euro_immun"
"2020-11-25","15_64",15,64,"north_west",31,226,"euro_immun"
"2020-12-03","15_64",15,64,"north_west",21,208,"euro_immun"
"2020-12-11","15_64",15,64,"north_west",24,189,"euro_immun"
"2020-12-17","15_64",15,64,"north_west",31,221,"euro_immun"
"2020-12-30","15_64",15,64,"north_west",25,221,"euro_immun"
"2021-01-03","15_64",15,64,"north_west",0,1,"euro_immun"
"2021-01-08","15_64",15,64,"north_west",25,207,"euro_immun"
"2021-01-14","15_64",15,64,"north_west",0,3,"euro_immun"
"2021-01-15","15_64",15,64,"north_west",17,231,"euro_immun"
"2021-01-22","15_64",15,64,"north_west",27,202,"euro_immun"
"2021-01-29","15_64",15,64,"north_west",46,224,"euro_immun"
"2021-02-04","15_64",15,64,"north_west",41,214,"euro_immun"
"2021-02-11","15_64",15,64,"north_west",52,211,"euro_immun"
"2021-02-19","15_64",15,64,"north_west",53,220,"euro_immun"
"2020-03-26","15_64",15,64,"south_east",0,3,"euro_immun"
"2020-03-27","15_64",15,64,"south_east",0,10,"euro_immun"
"2020-04-02","15_64",15,64,"south_east",0,2,"euro_immun"
"2020-04-03","15_64",15,64,"south_east",0,6,"euro_immun"
"2020-04-09","15_64",15,64,"south_east",0,4,"euro_immun"
"2020-04-10","15_64",15,64,"south_east",0,4,"euro_immun"
"2020-04-11","15_64",15,64,"south_east",0,2,"euro_immun"
"2020-04-13","15_64",15,64,"south_east",0,6,"euro_immun"
"2020-04-23","15_64",15,64,"south_east",0,1,"euro_immun"
"2020-04-24","15_64",15,64,"south_east",3,18,"euro_immun"
"2020-04-25","15_64",15,64,"south_east",0,1,"euro_immun"
"2020-04-26","15_64",15,64,"south_east",0,1,"euro_immun"
"2020-04-30","15_64",15,64,"south_east",39,784,"euro_immun"
"2020-05-01","15_64",15,64,"south_east",1,38,"euro_immun"
"2020-05-07","15_64",15,64,"south_east",0,2,"euro_immun"
"2020-05-14","15_64",15,64,"south_east",0,1,"euro_immun"
"2020-05-15","15_64",15,64,"south_east",0,10,"euro_immun"
"2020-05-21","15_64",15,64,"south_east",2,13,"euro_immun"
"2020-05-22","15_64",15,64,"south_east",7,54,"euro_immun"
"2020-05-28","15_64",15,64,"south_east",8,231,"euro_immun"
"2020-05-29","15_64",15,64,"south_east",24,474,"euro_immun"
"2020-06-05","15_64",15,64,"south_east",9,103,"euro_immun"
"2020-06-07","15_64",15,64,"south_east",1,5,"euro_immun"
"2020-06-08","15_64",15,64,"south_east",1,23,"euro_immun"
"2020-06-11","15_64",15,64,"south_east",0,1,"euro_immun"
"2020-06-14","15_64",15,64,"south_east",0,1,"euro_immun"
"2020-06-15","15_64",15,64,"south_east",0,1,"euro_immun"
"2020-06-19","15_64",15,64,"south_east",6,104,"euro_immun"
"2020-06-22","15_64",15,64,"south_east",0,20,"euro_immun"
"2020-06-26","15_64",15,64,"south_east",21,403,"euro_immun"
"2020-06-29","15_64",15,64,"south_east",18,406,"euro_immun"
"2020-07-03","15_64",15,64,"south_east",1,38,"euro_immun"
"2020-07-04","15_64",15,64,"south_east",0,2,"euro_immun"
"2020-07-05","15_64",15,64,"south_east",0,2,"euro_immun"
"2020-07-06","15_64",15,64,"south_east",0,14,"euro_immun"
"2020-07-10","15_64",15,64,"south_east",0,2,"euro_immun"
"2020-07-13","15_64",15,64,"south_east",4,66,"euro_immun"
"2020-07-17","15_64",15,64,"south_east",3,32,"euro_immun"
"2020-07-19","15_64",15,64,"south_east",0,43,"euro_immun"
"2020-07-20","15_64",15,64,"south_east",1,15,"euro_immun"
"2020-07-24","15_64",15,64,"south_east",30,800,"euro_immun"
"2020-07-26","15_64",15,64,"south_east",0,1,"euro_immun"
"2020-07-27","15_64",15,64,"south_east",1,2,"euro_immun"
"2020-07-30","15_64",15,64,"south_east",0,5,"euro_immun"
"2020-07-31","15_64",15,64,"south_east",2,52,"euro_immun"
"2020-08-02","15_64",15,64,"south_east",1,2,"euro_immun"
"2020-08-06","15_64",15,64,"south_east",0,35,"euro_immun"
"2020-08-07","15_64",15,64,"south_east",1,10,"euro_immun"
"2020-08-13","15_64",15,64,"south_east",1,5,"euro_immun"
"2020-08-14","15_64",15,64,"south_east",2,20,"euro_immun"
"2020-08-16","15_64",15,64,"south_east",0,1,"euro_immun"
"2020-08-19","15_64",15,64,"south_east",25,667,"euro_immun"
"2020-08-21","15_64",15,64,"south_east",4,86,"euro_immun"
"2020-08-27","15_64",15,64,"south_east",1,17,"euro_immun"
"2020-08-28","15_64",15,64,"south_east",0,14,"euro_immun"
"2020-09-03","15_64",15,64,"south_east",1,4,"euro_immun"
"2020-09-05","15_64",15,64,"south_east",1,1,"euro_immun"
"2020-09-06","15_64",15,64,"south_east",0,12,"euro_immun"
"2020-09-09","15_64",15,64,"south_east",0,3,"euro_immun"
"2020-09-11","15_64",15,64,"south_east",4,15,"euro_immun"
"2020-09-12","15_64",15,64,"south_east",1,1,"euro_immun"
"2020-09-13","15_64",15,64,"south_east",0,4,"euro_immun"
"2020-09-16","15_64",15,64,"south_east",0,2,"euro_immun"
"2020-09-18","15_64",15,64,"south_east",25,638,"euro_immun"
"2020-09-25","15_64",15,64,"south_east",0,24,"euro_immun"
"2020-09-27","15_64",15,64,"south_east",0,2,"euro_immun"
"2020-09-28","15_64",15,64,"south_east",0,3,"euro_immun"
"2020-10-02","15_64",15,64,"south_east",1,3,"euro_immun"
"2020-10-03","15_64",15,64,"south_east",0,1,"euro_immun"
"2020-10-07","15_64",15,64,"south_east",0,20,"euro_immun"
"2020-10-08","15_64",15,64,"south_east",0,6,"euro_immun"
"2020-10-09","15_64",15,64,"south_east",2,42,"euro_immun"
"2020-10-10","15_64",15,64,"south_east",0,2,"euro_immun"
"2020-10-11","15_64",15,64,"south_east",0,1,"euro_immun"
"2020-10-14","15_64",15,64,"south_east",25,635,"euro_immun"
"2020-10-15","15_64",15,64,"south_east",8,107,"euro_immun"
"2020-10-21","15_64",15,64,"south_east",1,4,"euro_immun"
"2020-10-22","15_64",15,64,"south_east",1,15,"euro_immun"
"2020-10-23","15_64",15,64,"south_east",0,10,"euro_immun"
"2020-10-29","15_64",15,64,"south_east",11,221,"euro_immun"
"2020-11-01","15_64",15,64,"south_east",1,36,"euro_immun"
"2020-11-02","15_64",15,64,"south_east",0,1,"euro_immun"
"2020-11-06","15_64",15,64,"south_east",3,60,"euro_immun"
"2020-11-07","15_64",15,64,"south_east",2,28,"euro_immun"
"2020-11-08","15_64",15,64,"south_east",0,2,"euro_immun"
"2020-11-09","15_64",15,64,"south_east",6,215,"euro_immun"
"2020-11-13","15_64",15,64,"south_east",13,230,"euro_immun"
"2020-11-15","15_64",15,64,"south_east",0,4,"euro_immun"
"2020-11-16","15_64",15,64,"south_east",0,3,"euro_immun"
"2020-11-20","15_64",15,64,"south_east",11,200,"euro_immun"
"2020-11-22","15_64",15,64,"south_east",7,13,"euro_immun"
"2020-11-23","15_64",15,64,"south_east",2,40,"euro_immun"
"2020-11-27","15_64",15,64,"south_east",0,9,"euro_immun"
"2020-11-28","15_64",15,64,"south_east",1,85,"euro_immun"
"2020-11-29","15_64",15,64,"south_east",6,98,"euro_immun"
"2020-11-30","15_64",15,64,"south_east",3,56,"euro_immun"
"2020-12-04","15_64",15,64,"south_east",1,39,"euro_immun"
"2020-12-06","15_64",15,64,"south_east",11,236,"euro_immun"
"2020-12-11","15_64",15,64,"south_east",10,241,"euro_immun"
"2020-12-12","15_64",15,64,"south_east",1,3,"euro_immun"
"2020-12-13","15_64",15,64,"south_east",1,3,"euro_immun"
"2020-12-14","15_64",15,64,"south_east",0,1,"euro_immun"
"2020-12-18","15_64",15,64,"south_east",9,230,"euro_immun"
"2020-12-20","15_64",15,64,"south_east",0,5,"euro_immun"
"2020-12-31","15_64",15,64,"south_east",1,9,"euro_immun"
"2021-01-04","15_64",15,64,"south_east",13,226,"euro_immun"
"2021-01-08","15_64",15,64,"south_east",0,16,"euro_immun"
"2021-01-09","15_64",15,64,"south_east",10,120,"euro_immun"
"2021-01-10","15_64",15,64,"south_east",10,123,"euro_immun"
"2021-01-11","15_64",15,64,"south_east",0,1,"euro_immun"
"2021-01-15","15_64",15,64,"south_east",20,251,"euro_immun"
"2021-01-16","15_64",15,64,"south_east",0,5,"euro_immun"
"2021-01-17","15_64",15,64,"south_east",0,2,"euro_immun"
"2021-01-22","15_64",15,64,"south_east",26,231,"euro_immun"
"2021-01-24","15_64",15,64,"south_east",4,12,"euro_immun"
"2021-01-25","15_64",15,64,"south_east",0,42,"euro_immun"
"2021-01-31","15_64",15,64,"south_east",3,16,"euro_immun"
"2021-02-01","15_64",15,64,"south_east",46,226,"euro_immun"
"2021-02-05","15_64",15,64,"south_east",39,229,"euro_immun"
"2021-02-07","15_64",15,64,"south_east",0,3,"euro_immun"
"2021-02-08","15_64",15,64,"south_east",7,45,"euro_immun"
"2021-02-12","15_64",15,64,"south_east",45,257,"euro_immun"
"2021-02-13","15_64",15,64,"south_east",1,4,"euro_immun"
"2021-02-14","15_64",15,64,"south_east",2,10,"euro_immun"
"2021-02-19","15_64",15,64,"south_east",59,246,"euro_immun"
"2021-02-21","15_64",15,64,"south_east",6,12,"euro_immun"
"2020-04-02","15_64",15,64,"south_west",1,22,"euro_immun"
"2020-04-03","15_64",15,64,"south_west",0,18,"euro_immun"
"2020-04-23","15_64",15,64,"south_west",1,10,"euro_immun"
"2020-04-24","15_64",15,64,"south_west",23,580,"euro_immun"
"2020-04-25","15_64",15,64,"south_west",2,56,"euro_immun"
"2020-04-26","15_64",15,64,"south_west",14,189,"euro_immun"
"2020-04-30","15_64",15,64,"south_west",5,86,"euro_immun"
"2020-05-14","15_64",15,64,"south_west",1,47,"euro_immun"
"2020-05-15","15_64",15,64,"south_west",2,20,"euro_immun"
"2020-05-21","15_64",15,64,"south_west",21,423,"euro_immun"
"2020-05-22","15_64",15,64,"south_west",15,514,"euro_immun"
"2020-05-29","15_64",15,64,"south_west",0,7,"euro_immun"
"2020-06-11","15_64",15,64,"south_west",0,28,"euro_immun"
"2020-06-15","15_64",15,64,"south_west",1,3,"euro_immun"
"2020-06-16","15_64",15,64,"south_west",0,7,"euro_immun"
"2020-06-19","15_64",15,64,"south_west",15,424,"euro_immun"
"2020-06-22","15_64",15,64,"south_west",17,434,"euro_immun"
"2020-06-26","15_64",15,64,"south_west",0,13,"euro_immun"
"2020-06-29","15_64",15,64,"south_west",0,11,"euro_immun"
"2020-07-10","15_64",15,64,"south_west",0,12,"euro_immun"
"2020-07-13","15_64",15,64,"south_west",0,2,"euro_immun"
"2020-07-17","15_64",15,64,"south_west",14,702,"euro_immun"
"2020-07-20","15_64",15,64,"south_west",11,202,"euro_immun"
"2020-07-24","15_64",15,64,"south_west",1,8,"euro_immun"
"2020-08-06","15_64",15,64,"south_west",0,22,"euro_immun"
"2020-08-13","15_64",15,64,"south_west",16,523,"euro_immun"
"2020-08-14","15_64",15,64,"south_west",13,341,"euro_immun"
"2020-08-19","15_64",15,64,"south_west",3,74,"euro_immun"
"2020-08-21","15_64",15,64,"south_west",0,1,"euro_immun"
"2020-09-03","15_64",15,64,"south_west",0,15,"euro_immun"
"2020-09-09","15_64",15,64,"south_west",20,572,"euro_immun"
"2020-09-11","15_64",15,64,"south_west",11,283,"euro_immun"
"2020-09-18","15_64",15,64,"south_west",1,70,"euro_immun"
"2020-10-02","15_64",15,64,"south_west",3,19,"euro_immun"
"2020-10-03","15_64",15,64,"south_west",0,3,"euro_immun"
"2020-10-09","15_64",15,64,"south_west",22,589,"euro_immun"
"2020-10-10","15_64",15,64,"south_west",1,99,"euro_immun"
"2020-10-11","15_64",15,64,"south_west",6,161,"euro_immun"
"2020-10-14","15_64",15,64,"south_west",2,11,"euro_immun"
"2020-10-15","15_64",15,64,"south_west",0,1,"euro_immun"
"2020-10-29","15_64",15,64,"south_west",10,224,"euro_immun"
"2020-11-02","15_64",15,64,"south_west",0,1,"euro_immun"
"2020-11-06","15_64",15,64,"south_west",6,182,"euro_immun"
"2020-11-13","15_64",15,64,"south_west",6,244,"euro_immun"
"2020-11-16","15_64",15,64,"south_west",0,6,"euro_immun"
"2020-11-20","15_64",15,64,"south_west",10,192,"euro_immun"
"2020-11-23","15_64",15,64,"south_west",0,6,"euro_immun"
"2020-11-27","15_64",15,64,"south_west",7,226,"euro_immun"
"2020-11-29","15_64",15,64,"south_west",0,3,"euro_immun"
"2020-11-30","15_64",15,64,"south_west",0,1,"euro_immun"
"2020-12-04","15_64",15,64,"south_west",6,193,"euro_immun"
"2020-12-06","15_64",15,64,"south_west",0,2,"euro_immun"
"2020-12-07","15_64",15,64,"south_west",1,14,"euro_immun"
"2020-12-11","15_64",15,64,"south_west",7,227,"euro_immun"
"2020-12-18","15_64",15,64,"south_west",12,226,"euro_immun"
"2020-12-31","15_64",15,64,"south_west",14,212,"euro_immun"
"2021-01-03","15_64",15,64,"south_west",1,1,"euro_immun"
"2021-01-08","15_64",15,64,"south_west",13,228,"euro_immun"
"2021-01-09","15_64",15,64,"south_west",0,7,"euro_immun"
"2021-01-15","15_64",15,64,"south_west",10,211,"euro_immun"
"2021-01-18","15_64",15,64,"south_west",1,1,"euro_immun"
"2021-01-22","15_64",15,64,"south_west",20,226,"euro_immun"
"2021-01-25","15_64",15,64,"south_west",1,1,"euro_immun"
"2021-02-01","15_64",15,64,"south_west",49,281,"euro_immun"
"2021-02-05","15_64",15,64,"south_west",37,241,"euro_immun"
"2021-02-12","15_64",15,64,"south_west",39,226,"euro_immun"
"2021-02-19","15_64",15,64,"south_west",36,184,"euro_immun"
"2021-02-22","15_64",15,64,"south_west",0,2,"euro_immun"
"2020-04-12","15_64",15,64,"london",0,3,"roche_n"
"2020-11-28","15_64",15,64,"london",2,33,"roche_n"
"2020-11-29","15_64",15,64,"london",35,268,"roche_n"
"2020-12-04","15_64",15,64,"london",0,5,"roche_n"
"2020-12-06","15_64",15,64,"london",43,237,"roche_n"
"2020-12-12","15_64",15,64,"london",40,261,"roche_n"
"2020-12-14","15_64",15,64,"london",6,18,"roche_n"
"2020-12-18","15_64",15,64,"london",1,20,"roche_n"
"2020-12-20","15_64",15,64,"london",51,258,"roche_n"
"2020-12-31","15_64",15,64,"london",40,222,"roche_n"
"2021-01-04","15_64",15,64,"london",0,6,"roche_n"
"2021-01-09","15_64",15,64,"london",0,3,"roche_n"
"2021-01-10","15_64",15,64,"london",52,275,"roche_n"
"2021-01-11","15_64",15,64,"london",0,1,"roche_n"
"2021-01-15","15_64",15,64,"london",0,3,"roche_n"
"2021-01-17","15_64",15,64,"london",36,194,"roche_n"
"2021-01-24","15_64",15,64,"london",69,254,"roche_n"
"2021-01-31","15_64",15,64,"london",73,310,"roche_n"
"2021-02-06","15_64",15,64,"london",0,3,"roche_n"
"2021-02-07","15_64",15,64,"london",77,271,"roche_n"
"2021-02-13","15_64",15,64,"london",2,4,"roche_n"
"2021-02-14","15_64",15,64,"london",59,273,"roche_n"
"2021-02-21","15_64",15,64,"london",65,254,"roche_n"
"2021-02-22","15_64",15,64,"london",7,17,"roche_n"
"2021-02-26","15_64",15,64,"london",0,11,"roche_n"
"2021-02-28","15_64",15,64,"london",56,284,"roche_n"
"2021-03-07","15_64",15,64,"london",48,203,"roche_n"
"2021-03-14","15_64",15,64,"london",59,273,"roche_n"
"2021-03-21","15_64",15,64,"london",77,254,"roche_n"
"2021-03-26","15_64",15,64,"london",2,2,"roche_n"
"2021-03-27","15_64",15,64,"london",54,251,"roche_n"
"2021-03-30","15_64",15,64,"london",59,222,"roche_n"
"2021-03-31","15_64",15,64,"london",0,1,"roche_n"
"2021-04-09","15_64",15,64,"london",84,240,"roche_n"
"2021-04-18","15_64",15,64,"london",70,259,"roche_n"
"2021-04-25","15_64",15,64,"london",46,228,"roche_n"
"2021-05-02","15_64",15,64,"london",41,207,"roche_n"
"2021-05-06","15_64",15,64,"london",0,1,"roche_n"
"2021-05-09","15_64",15,64,"london",50,258,"roche_n"
"2021-05-16","15_64",15,64,"london",54,279,"roche_n"
"2021-05-23","15_64",15,64,"london",70,262,"roche_n"
"2021-05-30","15_64",15,64,"london",60,244,"roche_n"
"2021-06-06","15_64",15,64,"london",63,266,"roche_n"
"2021-06-13","15_64",15,64,"london",89,257,"roche_n"
"2021-06-14","15_64",15,64,"london",1,6,"roche_n"
"2021-06-18","15_64",15,64,"london",5,24,"roche_n"
"2021-06-20","15_64",15,64,"london",75,255,"roche_n"
"2021-06-27","15_64",15,64,"london",38,138,"roche_n"
"2021-06-28","15_64",15,64,"london",32,121,"roche_n"
"2021-07-05","15_64",15,64,"london",69,221,"roche_n"
"2021-07-11","15_64",15,64,"london",55,242,"roche_n"
"2021-07-19","15_64",15,64,"london",52,220,"roche_n"
"2021-07-22","15_64",15,64,"london",3,15,"roche_n"
"2021-07-23","15_64",15,64,"london",0,1,"roche_n"
"2021-07-26","15_64",15,64,"london",64,211,"roche_n"
"2021-07-30","15_64",15,64,"london",55,197,"roche_n"
"2021-08-04","15_64",15,64,"london",71,252,"roche_n"
"2021-08-13","15_64",15,64,"london",4,16,"roche_n"
"2021-08-16","15_64",15,64,"london",76,253,"roche_n"
"2021-08-18","15_64",15,64,"london",49,180,"roche_n"
"2021-08-29","15_64",15,64,"london",39,117,"roche_n"
"2021-08-30","15_64",15,64,"london",29,115,"roche_n"
"2021-09-03","15_64",15,64,"london",1,2,"roche_n"
"2021-09-05","15_64",15,64,"london",27,128,"roche_n"
"2021-09-06","15_64",15,64,"london",18,79,"roche_n"
"2021-09-10","15_64",15,64,"london",32,119,"roche_n"
"2021-09-13","15_64",15,64,"london",32,121,"roche_n"
"2021-09-20","15_64",15,64,"london",0,1,"roche_n"
"2021-09-21","15_64",15,64,"london",70,235,"roche_n"
"2021-09-27","15_64",15,64,"london",66,239,"roche_n"
"2021-10-01","15_64",15,64,"london",67,226,"roche_n"
"2021-10-08","15_64",15,64,"london",47,177,"roche_n"
"2021-10-15","15_64",15,64,"london",75,237,"roche_n"
"2021-10-17","15_64",15,64,"london",2,4,"roche_n"
"2021-10-19","15_64",15,64,"london",0,2,"roche_n"
"2021-10-24","15_64",15,64,"london",36,119,"roche_n"
"2021-10-26","15_64",15,64,"london",33,112,"roche_n"
"2021-10-27","15_64",15,64,"london",36,123,"roche_n"
"2021-10-29","15_64",15,64,"london",25,77,"roche_n"
"2021-11-03","15_64",15,64,"london",5,10,"roche_n"
"2021-11-07","15_64",15,64,"london",97,231,"roche_n"
"2021-11-11","15_64",15,64,"london",80,239,"roche_n"
"2021-11-16","15_64",15,64,"london",39,115,"roche_n"
"2021-11-18","15_64",15,64,"london",41,127,"roche_n"
"2021-11-25","15_64",15,64,"london",0,1,"roche_n"
"2021-11-26","15_64",15,64,"london",0,5,"roche_n"
"2021-11-28","15_64",15,64,"london",74,239,"roche_n"
"2021-12-06","15_64",15,64,"london",76,215,"roche_n"
"2021-12-07","15_64",15,64,"london",1,4,"roche_n"
"2021-12-08","15_64",15,64,"london",69,231,"roche_n"
"2021-12-15","15_64",15,64,"london",33,125,"roche_n"
"2021-12-31","15_64",15,64,"london",3,4,"roche_n"
"2022-01-04","15_64",15,64,"london",89,238,"roche_n"
"2022-01-10","15_64",15,64,"london",111,259,"roche_n"
"2022-01-12","15_64",15,64,"london",103,255,"roche_n"
"2022-01-20","15_64",15,64,"london",14,42,"roche_n"
"2022-01-22","15_64",15,64,"london",64,132,"roche_n"
"2022-01-23","15_64",15,64,"london",56,123,"roche_n"
"2022-01-26","15_64",15,64,"london",0,1,"roche_n"
"2022-01-31","15_64",15,64,"london",126,246,"roche_n"
"2022-02-04","15_64",15,64,"london",116,254,"roche_n"
"2022-02-13","15_64",15,64,"london",133,241,"roche_n"
"2022-02-19","15_64",15,64,"london",117,218,"roche_n"
"2020-11-27","15_64",15,64,"east_of_england",6,175,"roche_n"
"2020-11-28","15_64",15,64,"east_of_england",1,8,"roche_n"
"2020-11-29","15_64",15,64,"east_of_england",0,3,"roche_n"
"2020-11-30","15_64",15,64,"east_of_england",0,1,"roche_n"
"2020-12-04","15_64",15,64,"east_of_england",19,251,"roche_n"
"2020-12-06","15_64",15,64,"east_of_england",4,46,"roche_n"
"2020-12-12","15_64",15,64,"east_of_england",0,3,"roche_n"
"2020-12-14","15_64",15,64,"east_of_england",13,214,"roche_n"
"2020-12-19","15_64",15,64,"east_of_england",4,99,"roche_n"
"2020-12-20","15_64",15,64,"east_of_england",9,151,"roche_n"
"2020-12-31","15_64",15,64,"east_of_england",3,13,"roche_n"
"2021-01-04","15_64",15,64,"east_of_england",18,219,"roche_n"
"2021-01-10","15_64",15,64,"east_of_england",1,6,"roche_n"
"2021-01-11","15_64",15,64,"east_of_england",27,237,"roche_n"
"2021-01-16","15_64",15,64,"east_of_england",7,126,"roche_n"
"2021-01-17","15_64",15,64,"east_of_england",17,181,"roche_n"
"2021-01-24","15_64",15,64,"east_of_england",1,4,"roche_n"
"2021-01-25","15_64",15,64,"east_of_england",14,245,"roche_n"
"2021-01-31","15_64",15,64,"east_of_england",24,187,"roche_n"
"2021-02-01","15_64",15,64,"east_of_england",1,3,"roche_n"
"2021-02-06","15_64",15,64,"east_of_england",16,130,"roche_n"
"2021-02-07","15_64",15,64,"east_of_england",18,116,"roche_n"
"2021-02-13","15_64",15,64,"east_of_england",19,125,"roche_n"
"2021-02-14","15_64",15,64,"east_of_england",17,117,"roche_n"
"2021-02-21","15_64",15,64,"east_of_england",0,2,"roche_n"
"2021-02-22","15_64",15,64,"east_of_england",22,216,"roche_n"
"2021-02-26","15_64",15,64,"east_of_england",0,6,"roche_n"
"2021-02-28","15_64",15,64,"east_of_england",36,229,"roche_n"
"2021-03-01","15_64",15,64,"east_of_england",0,1,"roche_n"
"2021-03-07","15_64",15,64,"east_of_england",11,49,"roche_n"
"2021-03-08","15_64",15,64,"east_of_england",35,236,"roche_n"
"2021-03-14","15_64",15,64,"east_of_england",1,6,"roche_n"
"2021-03-15","15_64",15,64,"east_of_england",20,233,"roche_n"
"2021-03-19","15_64",15,64,"east_of_england",0,1,"roche_n"
"2021-03-21","15_64",15,64,"east_of_england",0,6,"roche_n"
"2021-03-22","15_64",15,64,"east_of_england",19,226,"roche_n"
"2021-03-26","15_64",15,64,"east_of_england",26,238,"roche_n"
"2021-03-27","15_64",15,64,"east_of_england",1,5,"roche_n"
"2021-03-29","15_64",15,64,"east_of_england",0,8,"roche_n"
"2021-03-30","15_64",15,64,"east_of_england",1,5,"roche_n"
"2021-03-31","15_64",15,64,"east_of_england",24,176,"roche_n"
"2021-04-09","15_64",15,64,"east_of_england",27,182,"roche_n"
"2021-04-17","15_64",15,64,"east_of_england",1,27,"roche_n"
"2021-04-18","15_64",15,64,"east_of_england",1,2,"roche_n"
"2021-04-19","15_64",15,64,"east_of_england",35,222,"roche_n"
"2021-04-25","15_64",15,64,"east_of_england",1,5,"roche_n"
"2021-04-26","15_64",15,64,"east_of_england",12,125,"roche_n"
"2021-04-30","15_64",15,64,"east_of_england",0,1,"roche_n"
"2021-05-02","15_64",15,64,"east_of_england",32,177,"roche_n"
"2021-05-03","15_64",15,64,"east_of_england",11,56,"roche_n"
"2021-05-09","15_64",15,64,"east_of_england",25,131,"roche_n"
"2021-05-10","15_64",15,64,"east_of_england",22,113,"roche_n"
"2021-05-16","15_64",15,64,"east_of_england",20,110,"roche_n"
"2021-05-17","15_64",15,64,"east_of_england",13,124,"roche_n"
"2021-05-23","15_64",15,64,"east_of_england",22,119,"roche_n"
"2021-05-24","15_64",15,64,"east_of_england",11,110,"roche_n"
"2021-05-30","15_64",15,64,"east_of_england",20,137,"roche_n"
"2021-05-31","15_64",15,64,"east_of_england",15,117,"roche_n"
"2021-06-06","15_64",15,64,"east_of_england",15,109,"roche_n"
"2021-06-07","15_64",15,64,"east_of_england",17,101,"roche_n"
"2021-06-13","15_64",15,64,"east_of_england",16,103,"roche_n"
"2021-06-14","15_64",15,64,"east_of_england",8,108,"roche_n"
"2021-06-18","15_64",15,64,"east_of_england",3,20,"roche_n"
"2021-06-20","15_64",15,64,"east_of_england",18,134,"roche_n"
"2021-06-21","15_64",15,64,"east_of_england",23,105,"roche_n"
"2021-06-27","15_64",15,64,"east_of_england",28,114,"roche_n"
"2021-06-28","15_64",15,64,"east_of_england",26,125,"roche_n"
"2021-07-02","15_64",15,64,"east_of_england",17,210,"roche_n"
"2021-07-07","15_64",15,64,"east_of_england",29,208,"roche_n"
"2021-07-11","15_64",15,64,"east_of_england",1,3,"roche_n"
"2021-07-14","15_64",15,64,"east_of_england",0,1,"roche_n"
"2021-07-16","15_64",15,64,"east_of_england",33,237,"roche_n"
"2021-07-19","15_64",15,64,"east_of_england",7,22,"roche_n"
"2021-07-22","15_64",15,64,"east_of_england",24,193,"roche_n"
"2021-07-26","15_64",15,64,"east_of_england",13,42,"roche_n"
"2021-07-30","15_64",15,64,"east_of_england",28,245,"roche_n"
"2021-08-04","15_64",15,64,"east_of_england",1,3,"roche_n"
"2021-08-06","15_64",15,64,"east_of_england",26,197,"roche_n"
"2021-08-16","15_64",15,64,"east_of_england",45,231,"roche_n"
"2021-08-18","15_64",15,64,"east_of_england",30,246,"roche_n"
"2021-08-27","15_64",15,64,"east_of_england",1,5,"roche_n"
"2021-08-29","15_64",15,64,"east_of_england",24,124,"roche_n"
"2021-08-30","15_64",15,64,"east_of_england",12,114,"roche_n"
"2021-09-03","15_64",15,64,"east_of_england",45,226,"roche_n"
"2021-09-06","15_64",15,64,"east_of_england",3,6,"roche_n"
"2021-09-10","15_64",15,64,"east_of_england",39,239,"roche_n"
"2021-09-20","15_64",15,64,"east_of_england",41,210,"roche_n"
"2021-09-21","15_64",15,64,"east_of_england",2,7,"roche_n"
"2021-09-27","15_64",15,64,"east_of_england",0,2,"roche_n"
"2021-09-28","15_64",15,64,"east_of_england",37,210,"roche_n"
"2021-10-01","15_64",15,64,"east_of_england",30,216,"roche_n"
"2021-10-08","15_64",15,64,"east_of_england",32,215,"roche_n"
"2021-10-15","15_64",15,64,"east_of_england",1,9,"roche_n"
"2021-10-17","15_64",15,64,"east_of_england",5,29,"roche_n"
"2021-10-18","15_64",15,64,"east_of_england",44,230,"roche_n"
"2021-10-19","15_64",15,64,"east_of_england",6,43,"roche_n"
"2021-10-20","15_64",15,64,"east_of_england",2,25,"roche_n"
"2021-10-21","15_64",15,64,"east_of_england",28,245,"roche_n"
"2021-10-24","15_64",15,64,"east_of_england",0,2,"roche_n"
"2021-10-26","15_64",15,64,"east_of_england",2,8,"roche_n"
"2021-10-27","15_64",15,64,"east_of_england",33,236,"roche_n"
"2021-10-28","15_64",15,64,"east_of_england",0,5,"roche_n"
"2021-10-29","15_64",15,64,"east_of_england",2,19,"roche_n"
"2021-11-03","15_64",15,64,"east_of_england",26,115,"roche_n"
"2021-11-05","15_64",15,64,"east_of_england",35,162,"roche_n"
"2021-11-07","15_64",15,64,"east_of_england",2,4,"roche_n"
"2021-11-08","15_64",15,64,"east_of_england",1,28,"roche_n"
"2021-11-10","15_64",15,64,"east_of_england",3,12,"roche_n"
"2021-11-11","15_64",15,64,"east_of_england",0,4,"roche_n"
"2021-11-12","15_64",15,64,"east_of_england",45,250,"roche_n"
"2021-11-16","15_64",15,64,"east_of_england",0,2,"roche_n"
"2021-11-18","15_64",15,64,"east_of_england",54,247,"roche_n"
"2021-11-26","15_64",15,64,"east_of_england",46,221,"roche_n"
"2021-11-28","15_64",15,64,"east_of_england",1,2,"roche_n"
"2021-12-06","15_64",15,64,"east_of_england",0,4,"roche_n"
"2021-12-07","15_64",15,64,"east_of_england",45,213,"roche_n"
"2021-12-08","15_64",15,64,"east_of_england",48,233,"roche_n"
"2021-12-15","15_64",15,64,"east_of_england",20,112,"roche_n"
"2021-12-31","15_64",15,64,"east_of_england",35,201,"roche_n"
"2022-01-04","15_64",15,64,"east_of_england",5,12,"roche_n"
"2022-01-07","15_64",15,64,"east_of_england",0,1,"roche_n"
"2022-01-10","15_64",15,64,"east_of_england",1,1,"roche_n"
"2022-01-11","15_64",15,64,"east_of_england",43,233,"roche_n"
"2022-01-12","15_64",15,64,"east_of_england",1,1,"roche_n"
"2022-01-14","15_64",15,64,"east_of_england",55,231,"roche_n"
"2022-01-20","15_64",15,64,"east_of_england",51,173,"roche_n"
"2022-01-27","15_64",15,64,"east_of_england",69,244,"roche_n"
"2022-01-31","15_64",15,64,"east_of_england",1,7,"roche_n"
"2022-02-03","15_64",15,64,"east_of_england",63,231,"roche_n"
"2022-02-11","15_64",15,64,"east_of_england",68,236,"roche_n"
"2022-02-13","15_64",15,64,"east_of_england",7,15,"roche_n"
"2022-02-17","15_64",15,64,"east_of_england",73,222,"roche_n"
"2022-02-19","15_64",15,64,"east_of_england",7,18,"roche_n"
"2020-11-25","15_64",15,64,"midlands",0,3,"roche_n"
"2020-11-26","15_64",15,64,"midlands",1,6,"roche_n"
"2020-11-27","15_64",15,64,"midlands",2,53,"roche_n"
"2020-11-30","15_64",15,64,"midlands",4,131,"roche_n"
"2020-12-03","15_64",15,64,"midlands",0,2,"roche_n"
"2020-12-04","15_64",15,64,"midlands",0,3,"roche_n"
"2020-12-07","15_64",15,64,"midlands",25,236,"roche_n"
"2020-12-11","15_64",15,64,"midlands",2,18,"roche_n"
"2020-12-12","15_64",15,64,"midlands",21,129,"roche_n"
"2020-12-13","15_64",15,64,"midlands",11,120,"roche_n"
"2020-12-16","15_64",15,64,"midlands",2,38,"roche_n"
"2020-12-17","15_64",15,64,"midlands",0,1,"roche_n"
"2020-12-18","15_64",15,64,"midlands",32,246,"roche_n"
"2020-12-20","15_64",15,64,"midlands",0,1,"roche_n"
"2020-12-30","15_64",15,64,"midlands",1,4,"roche_n"
"2020-12-31","15_64",15,64,"midlands",0,4,"roche_n"
"2021-01-03","15_64",15,64,"midlands",31,242,"roche_n"
"2021-01-04","15_64",15,64,"midlands",2,9,"roche_n"
"2021-01-08","15_64",15,64,"midlands",33,235,"roche_n"
"2021-01-11","15_64",15,64,"midlands",0,1,"roche_n"
"2021-01-15","15_64",15,64,"midlands",2,12,"roche_n"
"2021-01-16","15_64",15,64,"midlands",1,3,"roche_n"
"2021-01-17","15_64",15,64,"midlands",1,3,"roche_n"
"2021-01-18","15_64",15,64,"midlands",27,250,"roche_n"
"2021-01-21","15_64",15,64,"midlands",1,2,"roche_n"
"2021-01-22","15_64",15,64,"midlands",0,8,"roche_n"
"2021-01-25","15_64",15,64,"midlands",21,191,"roche_n"
"2021-01-29","15_64",15,64,"midlands",0,1,"roche_n"
"2021-01-31","15_64",15,64,"midlands",1,1,"roche_n"
"2021-02-01","15_64",15,64,"midlands",32,229,"roche_n"
"2021-02-04","15_64",15,64,"midlands",0,1,"roche_n"
"2021-02-05","15_64",15,64,"midlands",0,1,"roche_n"
"2021-02-06","15_64",15,64,"midlands",0,2,"roche_n"
"2021-02-08","15_64",15,64,"midlands",26,135,"roche_n"
"2021-02-12","15_64",15,64,"midlands",0,1,"roche_n"
"2021-02-14","15_64",15,64,"midlands",0,1,"roche_n"
"2021-02-15","15_64",15,64,"midlands",42,244,"roche_n"
"2021-02-19","15_64",15,64,"midlands",6,41,"roche_n"
"2021-02-22","15_64",15,64,"midlands",31,243,"roche_n"
"2021-02-25","15_64",15,64,"midlands",2,15,"roche_n"
"2021-02-26","15_64",15,64,"midlands",7,39,"roche_n"
"2021-03-01","15_64",15,64,"midlands",43,232,"roche_n"
"2021-03-05","15_64",15,64,"midlands",0,1,"roche_n"
"2021-03-08","15_64",15,64,"midlands",31,207,"roche_n"
"2021-03-12","15_64",15,64,"midlands",0,2,"roche_n"
"2021-03-13","15_64",15,64,"midlands",24,128,"roche_n"
"2021-03-15","15_64",15,64,"midlands",12,94,"roche_n"
"2021-03-19","15_64",15,64,"midlands",4,67,"roche_n"
"2021-03-21","15_64",15,64,"midlands",15,119,"roche_n"
"2021-03-22","15_64",15,64,"midlands",17,110,"roche_n"
"2021-03-25","15_64",15,64,"midlands",0,1,"roche_n"
"2021-03-26","15_64",15,64,"midlands",0,6,"roche_n"
"2021-03-27","15_64",15,64,"midlands",28,121,"roche_n"
"2021-03-29","15_64",15,64,"midlands",23,118,"roche_n"
"2021-03-30","15_64",15,64,"midlands",36,193,"roche_n"
"2021-03-31","15_64",15,64,"midlands",3,21,"roche_n"
"2021-04-01","15_64",15,64,"midlands",5,16,"roche_n"
"2021-04-02","15_64",15,64,"midlands",1,24,"roche_n"
"2021-04-08","15_64",15,64,"midlands",1,12,"roche_n"
"2021-04-09","15_64",15,64,"midlands",66,219,"roche_n"
"2021-04-15","15_64",15,64,"midlands",0,1,"roche_n"
"2021-04-16","15_64",15,64,"midlands",1,3,"roche_n"
"2021-04-19","15_64",15,64,"midlands",35,225,"roche_n"
"2021-04-22","15_64",15,64,"midlands",3,10,"roche_n"
"2021-04-23","15_64",15,64,"midlands",7,45,"roche_n"
"2021-04-24","15_64",15,64,"midlands",27,126,"roche_n"
"2021-04-26","15_64",15,64,"midlands",47,252,"roche_n"
"2021-04-30","15_64",15,64,"midlands",5,50,"roche_n"
"2021-05-02","15_64",15,64,"midlands",25,122,"roche_n"
"2021-05-03","15_64",15,64,"midlands",33,120,"roche_n"
"2021-05-05","15_64",15,64,"midlands",1,5,"roche_n"
"2021-05-06","15_64",15,64,"midlands",1,9,"roche_n"
"2021-05-09","15_64",15,64,"midlands",0,1,"roche_n"
"2021-05-10","15_64",15,64,"midlands",35,240,"roche_n"
"2021-05-14","15_64",15,64,"midlands",1,5,"roche_n"
"2021-05-16","15_64",15,64,"midlands",12,130,"roche_n"
"2021-05-17","15_64",15,64,"midlands",16,112,"roche_n"
"2021-05-21","15_64",15,64,"midlands",2,5,"roche_n"
"2021-05-24","15_64",15,64,"midlands",34,235,"roche_n"
"2021-05-27","15_64",15,64,"midlands",0,1,"roche_n"
"2021-05-28","15_64",15,64,"midlands",0,12,"roche_n"
"2021-05-30","15_64",15,64,"midlands",17,87,"roche_n"
"2021-05-31","15_64",15,64,"midlands",27,106,"roche_n"
"2021-06-03","15_64",15,64,"midlands",1,3,"roche_n"
"2021-06-04","15_64",15,64,"midlands",7,44,"roche_n"
"2021-06-07","15_64",15,64,"midlands",34,228,"roche_n"
"2021-06-11","15_64",15,64,"midlands",0,2,"roche_n"
"2021-06-14","15_64",15,64,"midlands",33,236,"roche_n"
"2021-06-17","15_64",15,64,"midlands",1,4,"roche_n"
"2021-06-18","15_64",15,64,"midlands",2,12,"roche_n"
"2021-06-21","15_64",15,64,"midlands",35,222,"roche_n"
"2021-06-24","15_64",15,64,"midlands",1,7,"roche_n"
"2021-06-25","15_64",15,64,"midlands",2,3,"roche_n"
"2021-06-26","15_64",15,64,"midlands",31,129,"roche_n"
"2021-06-27","15_64",15,64,"midlands",0,3,"roche_n"
"2021-06-28","15_64",15,64,"midlands",25,113,"roche_n"
"2021-07-02","15_64",15,64,"midlands",32,231,"roche_n"
"2021-07-07","15_64",15,64,"midlands",40,211,"roche_n"
"2021-07-14","15_64",15,64,"midlands",38,237,"roche_n"
"2021-07-15","15_64",15,64,"midlands",1,8,"roche_n"
"2021-07-16","15_64",15,64,"midlands",0,4,"roche_n"
"2021-07-22","15_64",15,64,"midlands",1,26,"roche_n"
"2021-07-23","15_64",15,64,"midlands",0,5,"roche_n"
"2021-07-26","15_64",15,64,"midlands",37,220,"roche_n"
"2021-07-29","15_64",15,64,"midlands",2,9,"roche_n"
"2021-07-30","15_64",15,64,"midlands",43,241,"roche_n"
"2021-08-04","15_64",15,64,"midlands",37,217,"roche_n"
"2021-08-05","15_64",15,64,"midlands",0,1,"roche_n"
"2021-08-06","15_64",15,64,"midlands",8,35,"roche_n"
"2021-08-12","15_64",15,64,"midlands",0,1,"roche_n"
"2021-08-13","15_64",15,64,"midlands",46,223,"roche_n"
"2021-08-16","15_64",15,64,"midlands",2,15,"roche_n"
"2021-08-18","15_64",15,64,"midlands",44,224,"roche_n"
"2021-08-19","15_64",15,64,"midlands",1,3,"roche_n"
"2021-08-20","15_64",15,64,"midlands",1,5,"roche_n"
"2021-08-26","15_64",15,64,"midlands",0,1,"roche_n"
"2021-08-27","15_64",15,64,"midlands",54,260,"roche_n"
"2021-08-30","15_64",15,64,"midlands",0,1,"roche_n"
"2021-09-02","15_64",15,64,"midlands",0,1,"roche_n"
"2021-09-03","15_64",15,64,"midlands",6,54,"roche_n"
"2021-09-10","15_64",15,64,"midlands",0,2,"roche_n"
"2021-09-13","15_64",15,64,"midlands",48,227,"roche_n"
"2021-09-16","15_64",15,64,"midlands",2,7,"roche_n"
"2021-09-17","15_64",15,64,"midlands",0,1,"roche_n"
"2021-09-20","15_64",15,64,"midlands",49,227,"roche_n"
"2021-09-24","15_64",15,64,"midlands",0,1,"roche_n"
"2021-09-28","15_64",15,64,"midlands",70,259,"roche_n"
"2021-09-30","15_64",15,64,"midlands",0,2,"roche_n"
"2021-10-01","15_64",15,64,"midlands",2,8,"roche_n"
"2021-10-04","15_64",15,64,"midlands",52,234,"roche_n"
"2021-10-08","15_64",15,64,"midlands",0,10,"roche_n"
"2021-10-10","15_64",15,64,"midlands",11,62,"roche_n"
"2021-10-11","15_64",15,64,"midlands",30,125,"roche_n"
"2021-10-15","15_64",15,64,"midlands",7,51,"roche_n"
"2021-10-17","15_64",15,64,"midlands",0,1,"roche_n"
"2021-10-18","15_64",15,64,"midlands",23,108,"roche_n"
"2021-10-19","15_64",15,64,"midlands",10,62,"roche_n"
"2021-10-20","15_64",15,64,"midlands",22,100,"roche_n"
"2021-10-21","15_64",15,64,"midlands",25,125,"roche_n"
"2021-10-22","15_64",15,64,"midlands",1,10,"roche_n"
"2021-10-27","15_64",15,64,"midlands",1,4,"roche_n"
"2021-10-28","15_64",15,64,"midlands",0,2,"roche_n"
"2021-10-29","15_64",15,64,"midlands",5,23,"roche_n"
"2021-11-01","15_64",15,64,"midlands",23,103,"roche_n"
"2021-11-03","15_64",15,64,"midlands",0,6,"roche_n"
"2021-11-05","15_64",15,64,"midlands",25,109,"roche_n"
"2021-11-08","15_64",15,64,"midlands",26,99,"roche_n"
"2021-11-10","15_64",15,64,"midlands",0,2,"roche_n"
"2021-11-11","15_64",15,64,"midlands",3,7,"roche_n"
"2021-11-12","15_64",15,64,"midlands",76,264,"roche_n"
"2021-11-16","15_64",15,64,"midlands",0,2,"roche_n"
"2021-11-17","15_64",15,64,"midlands",63,246,"roche_n"
"2021-11-18","15_64",15,64,"midlands",2,3,"roche_n"
"2021-11-25","15_64",15,64,"midlands",1,1,"roche_n"
"2021-11-26","15_64",15,64,"midlands",42,134,"roche_n"
"2021-11-28","15_64",15,64,"midlands",22,121,"roche_n"
"2021-12-03","15_64",15,64,"midlands",3,15,"roche_n"
"2021-12-06","15_64",15,64,"midlands",64,232,"roche_n"
"2021-12-07","15_64",15,64,"midlands",1,1,"roche_n"
"2021-12-08","15_64",15,64,"midlands",85,245,"roche_n"
"2021-12-09","15_64",15,64,"midlands",4,8,"roche_n"
"2021-12-10","15_64",15,64,"midlands",0,8,"roche_n"
"2021-12-15","15_64",15,64,"midlands",30,105,"roche_n"
"2021-12-16","15_64",15,64,"midlands",0,1,"roche_n"
"2021-12-17","15_64",15,64,"midlands",3,7,"roche_n"
"2021-12-23","15_64",15,64,"midlands",0,3,"roche_n"
"2021-12-24","15_64",15,64,"midlands",3,4,"roche_n"
"2021-12-30","15_64",15,64,"midlands",2,9,"roche_n"
"2021-12-31","15_64",15,64,"midlands",0,3,"roche_n"
"2022-01-04","15_64",15,64,"midlands",67,217,"roche_n"
"2022-01-05","15_64",15,64,"midlands",45,110,"roche_n"
"2022-01-06","15_64",15,64,"midlands",1,7,"roche_n"
"2022-01-10","15_64",15,64,"midlands",29,100,"roche_n"
"2022-01-11","15_64",15,64,"midlands",0,1,"roche_n"
"2022-01-13","15_64",15,64,"midlands",83,233,"roche_n"
"2022-01-14","15_64",15,64,"midlands",1,2,"roche_n"
"2022-01-20","15_64",15,64,"midlands",3,7,"roche_n"
"2022-01-24","15_64",15,64,"midlands",93,240,"roche_n"
"2022-01-27","15_64",15,64,"midlands",8,15,"roche_n"
"2022-01-28","15_64",15,64,"midlands",114,231,"roche_n"
"2022-02-02","15_64",15,64,"midlands",0,1,"roche_n"
"2022-02-03","15_64",15,64,"midlands",1,1,"roche_n"
"2022-02-04","15_64",15,64,"midlands",95,215,"roche_n"
"2022-02-10","15_64",15,64,"midlands",1,1,"roche_n"
"2022-02-11","15_64",15,64,"midlands",2,2,"roche_n"
"2022-02-14","15_64",15,64,"midlands",100,225,"roche_n"
"2022-02-19","15_64",15,64,"midlands",51,97,"roche_n"
"2022-02-20","15_64",15,64,"midlands",49,102,"roche_n"
"2022-02-24","15_64",15,64,"midlands",2,3,"roche_n"
"2020-11-26","15_64",15,64,"north_east_and_yorkshire",29,228,"roche_n"
"2020-12-02","15_64",15,64,"north_east_and_yorkshire",26,225,"roche_n"
"2020-12-10","15_64",15,64,"north_east_and_yorkshire",15,212,"roche_n"
"2020-12-11","15_64",15,64,"north_east_and_yorkshire",0,8,"roche_n"
"2020-12-16","15_64",15,64,"north_east_and_yorkshire",16,171,"roche_n"
"2020-12-31","15_64",15,64,"north_east_and_yorkshire",37,237,"roche_n"
"2021-01-07","15_64",15,64,"north_east_and_yorkshire",34,229,"roche_n"
"2021-01-08","15_64",15,64,"north_east_and_yorkshire",1,1,"roche_n"
"2021-01-14","15_64",15,64,"north_east_and_yorkshire",29,206,"roche_n"
"2021-01-21","15_64",15,64,"north_east_and_yorkshire",29,237,"roche_n"
"2021-01-28","15_64",15,64,"north_east_and_yorkshire",34,223,"roche_n"
"2021-01-29","15_64",15,64,"north_east_and_yorkshire",0,1,"roche_n"
"2021-02-05","15_64",15,64,"north_east_and_yorkshire",43,223,"roche_n"
"2021-02-11","15_64",15,64,"north_east_and_yorkshire",0,4,"roche_n"
"2021-02-12","15_64",15,64,"north_east_and_yorkshire",36,219,"roche_n"
"2021-02-18","15_64",15,64,"north_east_and_yorkshire",46,224,"roche_n"
"2021-02-26","15_64",15,64,"north_east_and_yorkshire",42,224,"roche_n"
"2021-03-05","15_64",15,64,"north_east_and_yorkshire",40,211,"roche_n"
"2021-03-12","15_64",15,64,"north_east_and_yorkshire",40,226,"roche_n"
"2021-03-19","15_64",15,64,"north_east_and_yorkshire",43,219,"roche_n"
"2021-03-26","15_64",15,64,"north_east_and_yorkshire",38,218,"roche_n"
"2021-04-01","15_64",15,64,"north_east_and_yorkshire",0,1,"roche_n"
"2021-04-08","15_64",15,64,"north_east_and_yorkshire",28,212,"roche_n"
"2021-04-09","15_64",15,64,"north_east_and_yorkshire",33,230,"roche_n"
"2021-04-15","15_64",15,64,"north_east_and_yorkshire",40,210,"roche_n"
"2021-04-22","15_64",15,64,"north_east_and_yorkshire",1,6,"roche_n"
"2021-04-23","15_64",15,64,"north_east_and_yorkshire",48,218,"roche_n"
"2021-04-30","15_64",15,64,"north_east_and_yorkshire",31,214,"roche_n"
"2021-05-06","15_64",15,64,"north_east_and_yorkshire",37,217,"roche_n"
"2021-05-13","15_64",15,64,"north_east_and_yorkshire",1,3,"roche_n"
"2021-05-14","15_64",15,64,"north_east_and_yorkshire",39,220,"roche_n"
"2021-05-21","15_64",15,64,"north_east_and_yorkshire",39,210,"roche_n"
"2021-05-28","15_64",15,64,"north_east_and_yorkshire",33,194,"roche_n"
"2021-06-03","15_64",15,64,"north_east_and_yorkshire",34,211,"roche_n"
"2021-06-10","15_64",15,64,"north_east_and_yorkshire",29,211,"roche_n"
"2021-06-11","15_64",15,64,"north_east_and_yorkshire",1,7,"roche_n"
"2021-06-17","15_64",15,64,"north_east_and_yorkshire",28,209,"roche_n"
"2021-06-24","15_64",15,64,"north_east_and_yorkshire",26,201,"roche_n"
"2021-07-01","15_64",15,64,"north_east_and_yorkshire",24,221,"roche_n"
"2021-07-09","15_64",15,64,"north_east_and_yorkshire",34,213,"roche_n"
"2021-07-16","15_64",15,64,"north_east_and_yorkshire",44,214,"roche_n"
"2021-07-22","15_64",15,64,"north_east_and_yorkshire",39,209,"roche_n"
"2021-07-23","15_64",15,64,"north_east_and_yorkshire",0,2,"roche_n"
"2021-07-30","15_64",15,64,"north_east_and_yorkshire",40,211,"roche_n"
"2021-08-05","15_64",15,64,"north_east_and_yorkshire",54,218,"roche_n"
"2021-08-12","15_64",15,64,"north_east_and_yorkshire",1,1,"roche_n"
"2021-08-13","15_64",15,64,"north_east_and_yorkshire",41,208,"roche_n"
"2021-08-19","15_64",15,64,"north_east_and_yorkshire",42,219,"roche_n"
"2021-08-20","15_64",15,64,"north_east_and_yorkshire",0,4,"roche_n"
"2021-08-26","15_64",15,64,"north_east_and_yorkshire",1,3,"roche_n"
"2021-08-27","15_64",15,64,"north_east_and_yorkshire",41,198,"roche_n"
"2021-09-02","15_64",15,64,"north_east_and_yorkshire",40,202,"roche_n"
"2021-09-10","15_64",15,64,"north_east_and_yorkshire",45,211,"roche_n"
"2021-09-16","15_64",15,64,"north_east_and_yorkshire",0,3,"roche_n"
"2021-09-17","15_64",15,64,"north_east_and_yorkshire",37,202,"roche_n"
"2021-09-23","15_64",15,64,"north_east_and_yorkshire",48,203,"roche_n"
"2021-10-01","15_64",15,64,"north_east_and_yorkshire",46,217,"roche_n"
"2021-10-07","15_64",15,64,"north_east_and_yorkshire",48,216,"roche_n"
"2021-10-14","15_64",15,64,"north_east_and_yorkshire",0,2,"roche_n"
"2021-10-15","15_64",15,64,"north_east_and_yorkshire",39,158,"roche_n"
"2021-10-21","15_64",15,64,"north_east_and_yorkshire",45,199,"roche_n"
"2021-10-28","15_64",15,64,"north_east_and_yorkshire",64,226,"roche_n"
"2021-11-04","15_64",15,64,"north_east_and_yorkshire",1,1,"roche_n"
"2021-11-05","15_64",15,64,"north_east_and_yorkshire",63,208,"roche_n"
"2021-11-11","15_64",15,64,"north_east_and_yorkshire",64,204,"roche_n"
"2021-11-12","15_64",15,64,"north_east_and_yorkshire",0,1,"roche_n"
"2021-11-19","15_64",15,64,"north_east_and_yorkshire",56,215,"roche_n"
"2021-11-25","15_64",15,64,"north_east_and_yorkshire",54,202,"roche_n"
"2021-11-26","15_64",15,64,"north_east_and_yorkshire",0,3,"roche_n"
"2021-12-02","15_64",15,64,"north_east_and_yorkshire",51,209,"roche_n"
"2021-12-09","15_64",15,64,"north_east_and_yorkshire",70,207,"roche_n"
"2021-12-17","15_64",15,64,"north_east_and_yorkshire",60,204,"roche_n"
"2021-12-23","15_64",15,64,"north_east_and_yorkshire",72,212,"roche_n"
"2021-12-30","15_64",15,64,"north_east_and_yorkshire",5,11,"roche_n"
"2021-12-31","15_64",15,64,"north_east_and_yorkshire",79,211,"roche_n"
"2022-01-06","15_64",15,64,"north_east_and_yorkshire",1,4,"roche_n"
"2022-01-07","15_64",15,64,"north_east_and_yorkshire",71,221,"roche_n"
"2022-01-14","15_64",15,64,"north_east_and_yorkshire",75,220,"roche_n"
"2022-01-21","15_64",15,64,"north_east_and_yorkshire",89,221,"roche_n"
"2022-01-27","15_64",15,64,"north_east_and_yorkshire",74,182,"roche_n"
"2022-01-28","15_64",15,64,"north_east_and_yorkshire",2,3,"roche_n"
"2022-02-04","15_64",15,64,"north_east_and_yorkshire",97,200,"roche_n"
"2022-02-10","15_64",15,64,"north_east_and_yorkshire",98,198,"roche_n"
"2022-02-11","15_64",15,64,"north_east_and_yorkshire",1,1,"roche_n"
"2022-02-18","15_64",15,64,"north_east_and_yorkshire",114,223,"roche_n"
"2022-02-19","15_64",15,64,"north_east_and_yorkshire",1,1,"roche_n"
"2022-02-24","15_64",15,64,"north_east_and_yorkshire",13,24,"roche_n"
"2020-11-25","15_64",15,64,"north_west",37,226,"roche_n"
"2020-12-03","15_64",15,64,"north_west",30,208,"roche_n"
"2020-12-11","15_64",15,64,"north_west",29,189,"roche_n"
"2020-12-17","15_64",15,64,"north_west",36,221,"roche_n"
"2020-12-30","15_64",15,64,"north_west",31,221,"roche_n"
"2021-01-03","15_64",15,64,"north_west",0,1,"roche_n"
"2021-01-08","15_64",15,64,"north_west",36,207,"roche_n"
"2021-01-14","15_64",15,64,"north_west",0,3,"roche_n"
"2021-01-15","15_64",15,64,"north_west",23,231,"roche_n"
"2021-01-22","15_64",15,64,"north_west",28,202,"roche_n"
"2021-01-29","15_64",15,64,"north_west",39,224,"roche_n"
"2021-02-04","15_64",15,64,"north_west",39,214,"roche_n"
"2021-02-11","15_64",15,64,"north_west",34,211,"roche_n"
"2021-02-19","15_64",15,64,"north_west",41,220,"roche_n"
"2021-02-25","15_64",15,64,"north_west",39,205,"roche_n"
"2021-03-04","15_64",15,64,"north_west",36,203,"roche_n"
"2021-03-11","15_64",15,64,"north_west",48,227,"roche_n"
"2021-03-18","15_64",15,64,"north_west",42,211,"roche_n"
"2021-03-25","15_64",15,64,"north_west",34,223,"roche_n"
"2021-04-01","15_64",15,64,"north_west",37,196,"roche_n"
"2021-04-08","15_64",15,64,"north_west",41,211,"roche_n"
"2021-04-09","15_64",15,64,"north_west",0,2,"roche_n"
"2021-04-16","15_64",15,64,"north_west",31,223,"roche_n"
"2021-04-22","15_64",15,64,"north_west",38,205,"roche_n"
"2021-05-03","15_64",15,64,"north_west",0,2,"roche_n"
"2021-05-05","15_64",15,64,"north_west",44,215,"roche_n"
"2021-05-07","15_64",15,64,"north_west",37,222,"roche_n"
"2021-05-13","15_64",15,64,"north_west",47,212,"roche_n"
"2021-05-20","15_64",15,64,"north_west",48,208,"roche_n"
"2021-05-27","15_64",15,64,"north_west",35,203,"roche_n"
"2021-05-30","15_64",15,64,"north_west",0,1,"roche_n"
"2021-06-04","15_64",15,64,"north_west",22,130,"roche_n"
"2021-06-11","15_64",15,64,"north_west",39,195,"roche_n"
"2021-06-18","15_64",15,64,"north_west",30,212,"roche_n"
"2021-06-25","15_64",15,64,"north_west",64,214,"roche_n"
"2021-07-02","15_64",15,64,"north_west",56,214,"roche_n"
"2021-07-08","15_64",15,64,"north_west",48,212,"roche_n"
"2021-07-09","15_64",15,64,"north_west",0,1,"roche_n"
"2021-07-15","15_64",15,64,"north_west",55,205,"roche_n"
"2021-07-22","15_64",15,64,"north_west",1,3,"roche_n"
"2021-07-23","15_64",15,64,"north_west",49,212,"roche_n"
"2021-07-29","15_64",15,64,"north_west",47,214,"roche_n"
"2021-08-04","15_64",15,64,"north_west",0,1,"roche_n"
"2021-08-06","15_64",15,64,"north_west",40,201,"roche_n"
"2021-08-12","15_64",15,64,"north_west",50,214,"roche_n"
"2021-08-20","15_64",15,64,"north_west",43,206,"roche_n"
"2021-08-26","15_64",15,64,"north_west",63,213,"roche_n"
"2021-09-03","15_64",15,64,"north_west",47,203,"roche_n"
"2021-09-09","15_64",15,64,"north_west",66,221,"roche_n"
"2021-09-13","15_64",15,64,"north_west",0,1,"roche_n"
"2021-09-16","15_64",15,64,"north_west",52,201,"roche_n"
"2021-09-17","15_64",15,64,"north_west",0,4,"roche_n"
"2021-09-24","15_64",15,64,"north_west",53,202,"roche_n"
"2021-09-30","15_64",15,64,"north_west",67,215,"roche_n"
"2021-10-04","15_64",15,64,"north_west",0,1,"roche_n"
"2021-10-08","15_64",15,64,"north_west",76,215,"roche_n"
"2021-10-14","15_64",15,64,"north_west",70,214,"roche_n"
"2021-10-22","15_64",15,64,"north_west",49,219,"roche_n"
"2021-10-29","15_64",15,64,"north_west",53,185,"roche_n"
"2021-11-04","15_64",15,64,"north_west",61,214,"roche_n"
"2021-11-12","15_64",15,64,"north_west",63,216,"roche_n"
"2021-11-18","15_64",15,64,"north_west",72,226,"roche_n"
"2021-11-26","15_64",15,64,"north_west",58,208,"roche_n"
"2021-12-03","15_64",15,64,"north_west",57,198,"roche_n"
"2021-12-10","15_64",15,64,"north_west",53,183,"roche_n"
"2021-12-15","15_64",15,64,"north_west",0,1,"roche_n"
"2021-12-16","15_64",15,64,"north_west",63,202,"roche_n"
"2021-12-24","15_64",15,64,"north_west",63,206,"roche_n"
"2021-12-30","15_64",15,64,"north_west",70,180,"roche_n"
"2022-01-06","15_64",15,64,"north_west",84,208,"roche_n"
"2022-01-13","15_64",15,64,"north_west",94,214,"roche_n"
"2022-01-20","15_64",15,64,"north_west",72,212,"roche_n"
"2022-01-27","15_64",15,64,"north_west",3,11,"roche_n"
"2022-01-28","15_64",15,64,"north_west",93,208,"roche_n"
"2022-02-03","15_64",15,64,"north_west",100,210,"roche_n"
"2022-02-11","15_64",15,64,"north_west",124,220,"roche_n"
"2022-02-17","15_64",15,64,"north_west",105,223,"roche_n"
"2022-02-24","15_64",15,64,"north_west",101,179,"roche_n"
"2020-11-27","15_64",15,64,"south_east",0,9,"roche_n"
"2020-11-28","15_64",15,64,"south_east",3,85,"roche_n"
"2020-11-29","15_64",15,64,"south_east",7,98,"roche_n"
"2020-11-30","15_64",15,64,"south_east",4,56,"roche_n"
"2020-12-04","15_64",15,64,"south_east",1,39,"roche_n"
"2020-12-06","15_64",15,64,"south_east",20,236,"roche_n"
"2020-12-11","15_64",15,64,"south_east",12,241,"roche_n"
"2020-12-12","15_64",15,64,"south_east",1,3,"roche_n"
"2020-12-13","15_64",15,64,"south_east",1,3,"roche_n"
"2020-12-14","15_64",15,64,"south_east",0,1,"roche_n"
"2020-12-18","15_64",15,64,"south_east",11,230,"roche_n"
"2020-12-20","15_64",15,64,"south_east",1,5,"roche_n"
"2020-12-31","15_64",15,64,"south_east",1,9,"roche_n"
"2021-01-04","15_64",15,64,"south_east",19,226,"roche_n"
"2021-01-08","15_64",15,64,"south_east",0,16,"roche_n"
"2021-01-09","15_64",15,64,"south_east",11,120,"roche_n"
"2021-01-10","15_64",15,64,"south_east",12,123,"roche_n"
"2021-01-11","15_64",15,64,"south_east",0,1,"roche_n"
"2021-01-15","15_64",15,64,"south_east",20,251,"roche_n"
"2021-01-16","15_64",15,64,"south_east",0,5,"roche_n"
"2021-01-17","15_64",15,64,"south_east",0,2,"roche_n"
"2021-01-22","15_64",15,64,"south_east",18,231,"roche_n"
"2021-01-24","15_64",15,64,"south_east",3,12,"roche_n"
"2021-01-25","15_64",15,64,"south_east",2,42,"roche_n"
"2021-01-31","15_64",15,64,"south_east",2,16,"roche_n"
"2021-02-01","15_64",15,64,"south_east",38,226,"roche_n"
"2021-02-05","15_64",15,64,"south_east",22,229,"roche_n"
"2021-02-07","15_64",15,64,"south_east",0,3,"roche_n"
"2021-02-08","15_64",15,64,"south_east",3,45,"roche_n"
"2021-02-12","15_64",15,64,"south_east",26,257,"roche_n"
"2021-02-13","15_64",15,64,"south_east",1,4,"roche_n"
"2021-02-14","15_64",15,64,"south_east",1,10,"roche_n"
"2021-02-19","15_64",15,64,"south_east",43,246,"roche_n"
"2021-02-21","15_64",15,64,"south_east",3,12,"roche_n"
"2021-02-26","15_64",15,64,"south_east",22,197,"roche_n"
"2021-02-28","15_64",15,64,"south_east",2,12,"roche_n"
"2021-03-05","15_64",15,64,"south_east",25,224,"roche_n"
"2021-03-07","15_64",15,64,"south_east",3,9,"roche_n"
"2021-03-08","15_64",15,64,"south_east",11,48,"roche_n"
"2021-03-12","15_64",15,64,"south_east",26,217,"roche_n"
"2021-03-19","15_64",15,64,"south_east",30,165,"roche_n"
"2021-03-21","15_64",15,64,"south_east",0,2,"roche_n"
"2021-03-22","15_64",15,64,"south_east",0,1,"roche_n"
"2021-03-26","15_64",15,64,"south_east",0,6,"roche_n"
"2021-03-27","15_64",15,64,"south_east",8,21,"roche_n"
"2021-03-29","15_64",15,64,"south_east",42,216,"roche_n"
"2021-03-30","15_64",15,64,"south_east",3,15,"roche_n"
"2021-03-31","15_64",15,64,"south_east",0,7,"roche_n"
"2021-04-02","15_64",15,64,"south_east",35,246,"roche_n"
"2021-04-09","15_64",15,64,"south_east",32,211,"roche_n"
"2021-04-16","15_64",15,64,"south_east",22,132,"roche_n"
"2021-04-17","15_64",15,64,"south_east",10,87,"roche_n"
"2021-04-18","15_64",15,64,"south_east",2,7,"roche_n"
"2021-04-19","15_64",15,64,"south_east",2,30,"roche_n"
"2021-04-23","15_64",15,64,"south_east",25,189,"roche_n"
"2021-04-25","15_64",15,64,"south_east",3,3,"roche_n"
"2021-04-30","15_64",15,64,"south_east",25,208,"roche_n"
"2021-05-02","15_64",15,64,"south_east",0,4,"roche_n"
"2021-05-06","15_64",15,64,"south_east",15,139,"roche_n"
"2021-05-09","15_64",15,64,"south_east",20,132,"roche_n"
"2021-05-14","15_64",15,64,"south_east",22,234,"roche_n"
"2021-05-21","15_64",15,64,"south_east",24,250,"roche_n"
"2021-05-23","15_64",15,64,"south_east",2,6,"roche_n"
"2021-05-28","15_64",15,64,"south_east",25,231,"roche_n"
"2021-05-30","15_64",15,64,"south_east",1,9,"roche_n"
"2021-06-04","15_64",15,64,"south_east",11,119,"roche_n"
"2021-06-06","15_64",15,64,"south_east",14,125,"roche_n"
"2021-06-11","15_64",15,64,"south_east",32,231,"roche_n"
"2021-06-13","15_64",15,64,"south_east",7,22,"roche_n"
"2021-06-18","15_64",15,64,"south_east",24,181,"roche_n"
"2021-06-20","15_64",15,64,"south_east",1,4,"roche_n"
"2021-06-21","15_64",15,64,"south_east",0,3,"roche_n"
"2021-06-25","15_64",15,64,"south_east",33,251,"roche_n"
"2021-06-28","15_64",15,64,"south_east",1,1,"roche_n"
"2021-07-02","15_64",15,64,"south_east",24,202,"roche_n"
"2021-07-05","15_64",15,64,"south_east",2,4,"roche_n"
"2021-07-08","15_64",15,64,"south_east",5,30,"roche_n"
"2021-07-11","15_64",15,64,"south_east",2,2,"roche_n"
"2021-07-12","15_64",15,64,"south_east",29,203,"roche_n"
"2021-07-14","15_64",15,64,"south_east",27,217,"roche_n"
"2021-07-22","15_64",15,64,"south_east",35,224,"roche_n"
"2021-07-26","15_64",15,64,"south_east",1,10,"roche_n"
"2021-07-30","15_64",15,64,"south_east",0,2,"roche_n"
"2021-08-02","15_64",15,64,"south_east",32,227,"roche_n"
"2021-08-04","15_64",15,64,"south_east",0,5,"roche_n"
"2021-08-06","15_64",15,64,"south_east",32,216,"roche_n"
"2021-08-13","15_64",15,64,"south_east",35,203,"roche_n"
"2021-08-16","15_64",15,64,"south_east",1,3,"roche_n"
"2021-08-18","15_64",15,64,"south_east",6,57,"roche_n"
"2021-08-20","15_64",15,64,"south_east",42,226,"roche_n"
"2021-08-27","15_64",15,64,"south_east",28,211,"roche_n"
"2021-08-29","15_64",15,64,"south_east",0,1,"roche_n"
"2021-08-30","15_64",15,64,"south_east",1,1,"roche_n"
"2021-09-03","15_64",15,64,"south_east",27,175,"roche_n"
"2021-09-05","15_64",15,64,"south_east",0,1,"roche_n"
"2021-09-06","15_64",15,64,"south_east",8,29,"roche_n"
"2021-09-10","15_64",15,64,"south_east",36,246,"roche_n"
"2021-09-13","15_64",15,64,"south_east",0,1,"roche_n"
"2021-09-17","15_64",15,64,"south_east",34,241,"roche_n"
"2021-09-21","15_64",15,64,"south_east",4,10,"roche_n"
"2021-09-23","15_64",15,64,"south_east",45,219,"roche_n"
"2021-09-27","15_64",15,64,"south_east",0,3,"roche_n"
"2021-09-29","15_64",15,64,"south_east",35,237,"roche_n"
"2021-10-01","15_64",15,64,"south_east",2,8,"roche_n"
"2021-10-06","15_64",15,64,"south_east",37,233,"roche_n"
"2021-10-08","15_64",15,64,"south_east",11,41,"roche_n"
"2021-10-13","15_64",15,64,"south_east",29,111,"roche_n"
"2021-10-15","15_64",15,64,"south_east",1,2,"roche_n"
"2021-10-17","15_64",15,64,"south_east",17,98,"roche_n"
"2021-10-19","15_64",15,64,"south_east",35,222,"roche_n"
"2021-10-24","15_64",15,64,"south_east",1,6,"roche_n"
"2021-10-25","15_64",15,64,"south_east",0,2,"roche_n"
"2021-10-26","15_64",15,64,"south_east",4,6,"roche_n"
"2021-10-27","15_64",15,64,"south_east",1,1,"roche_n"
"2021-10-28","15_64",15,64,"south_east",44,244,"roche_n"
"2021-10-29","15_64",15,64,"south_east",1,1,"roche_n"
"2021-11-01","15_64",15,64,"south_east",0,1,"roche_n"
"2021-11-03","15_64",15,64,"south_east",47,188,"roche_n"
"2021-11-05","15_64",15,64,"south_east",0,2,"roche_n"
"2021-11-07","15_64",15,64,"south_east",8,28,"roche_n"
"2021-11-09","15_64",15,64,"south_east",0,1,"roche_n"
"2021-11-10","15_64",15,64,"south_east",48,221,"roche_n"
"2021-11-11","15_64",15,64,"south_east",3,12,"roche_n"
"2021-11-12","15_64",15,64,"south_east",1,3,"roche_n"
"2021-11-16","15_64",15,64,"south_east",32,218,"roche_n"
"2021-11-18","15_64",15,64,"south_east",1,1,"roche_n"
"2021-11-19","15_64",15,64,"south_east",0,7,"roche_n"
"2021-11-25","15_64",15,64,"south_east",49,231,"roche_n"
"2021-11-28","15_64",15,64,"south_east",1,6,"roche_n"
"2021-12-02","15_64",15,64,"south_east",47,240,"roche_n"
"2021-12-06","15_64",15,64,"south_east",1,1,"roche_n"
"2021-12-08","15_64",15,64,"south_east",37,221,"roche_n"
"2021-12-15","15_64",15,64,"south_east",17,105,"roche_n"
"2021-12-31","15_64",15,64,"south_east",50,221,"roche_n"
"2022-01-04","15_64",15,64,"south_east",1,6,"roche_n"
"2022-01-07","15_64",15,64,"south_east",51,229,"roche_n"
"2022-01-10","15_64",15,64,"south_east",0,3,"roche_n"
"2022-01-12","15_64",15,64,"south_east",71,238,"roche_n"
"2022-01-13","15_64",15,64,"south_east",1,1,"roche_n"
"2022-01-19","15_64",15,64,"south_east",57,240,"roche_n"
"2022-01-20","15_64",15,64,"south_east",1,1,"roche_n"
"2022-01-22","15_64",15,64,"south_east",0,1,"roche_n"
"2022-01-23","15_64",15,64,"south_east",1,2,"roche_n"
"2022-01-26","15_64",15,64,"south_east",69,234,"roche_n"
"2022-01-31","15_64",15,64,"south_east",0,1,"roche_n"
"2022-02-02","15_64",15,64,"south_east",67,239,"roche_n"
"2022-02-04","15_64",15,64,"south_east",1,4,"roche_n"
"2022-02-09","15_64",15,64,"south_east",71,193,"roche_n"
"2022-02-13","15_64",15,64,"south_east",2,2,"roche_n"
"2022-02-16","15_64",15,64,"south_east",101,225,"roche_n"
"2022-02-19","15_64",15,64,"south_east",2,2,"roche_n"
"2022-02-24","15_64",15,64,"south_east",0,2,"roche_n"
"2020-11-27","15_64",15,64,"south_west",14,226,"roche_n"
"2020-11-29","15_64",15,64,"south_west",0,3,"roche_n"
"2020-11-30","15_64",15,64,"south_west",0,1,"roche_n"
"2020-12-04","15_64",15,64,"south_west",7,193,"roche_n"
"2020-12-06","15_64",15,64,"south_west",0,2,"roche_n"
"2020-12-07","15_64",15,64,"south_west",2,14,"roche_n"
"2020-12-11","15_64",15,64,"south_west",12,227,"roche_n"
"2020-12-18","15_64",15,64,"south_west",13,226,"roche_n"
"2020-12-31","15_64",15,64,"south_west",17,212,"roche_n"
"2021-01-03","15_64",15,64,"south_west",1,1,"roche_n"
"2021-01-08","15_64",15,64,"south_west",11,228,"roche_n"
"2021-01-09","15_64",15,64,"south_west",0,7,"roche_n"
"2021-01-15","15_64",15,64,"south_west",5,211,"roche_n"
"2021-01-18","15_64",15,64,"south_west",1,1,"roche_n"
"2021-01-22","15_64",15,64,"south_west",12,226,"roche_n"
"2021-01-25","15_64",15,64,"south_west",0,1,"roche_n"
"2021-02-01","15_64",15,64,"south_west",16,281,"roche_n"
"2021-02-05","15_64",15,64,"south_west",17,241,"roche_n"
"2021-02-12","15_64",15,64,"south_west",20,226,"roche_n"
"2021-02-19","15_64",15,64,"south_west",6,184,"roche_n"
"2021-02-22","15_64",15,64,"south_west",0,2,"roche_n"
"2021-02-26","15_64",15,64,"south_west",24,246,"roche_n"
"2021-03-01","15_64",15,64,"south_west",2,7,"roche_n"
"2021-03-05","15_64",15,64,"south_west",13,222,"roche_n"
"2021-03-12","15_64",15,64,"south_west",23,244,"roche_n"
"2021-03-13","15_64",15,64,"south_west",1,1,"roche_n"
"2021-03-19","15_64",15,64,"south_west",15,215,"roche_n"
"2021-03-21","15_64",15,64,"south_west",0,1,"roche_n"
"2021-03-26","15_64",15,64,"south_west",27,228,"roche_n"
"2021-03-27","15_64",15,64,"south_west",0,2,"roche_n"
"2021-03-30","15_64",15,64,"south_west",5,17,"roche_n"
"2021-04-02","15_64",15,64,"south_west",13,181,"roche_n"
"2021-04-09","15_64",15,64,"south_west",22,226,"roche_n"
"2021-04-16","15_64",15,64,"south_west",21,221,"roche_n"
"2021-04-17","15_64",15,64,"south_west",0,5,"roche_n"
"2021-04-23","15_64",15,64,"south_west",28,238,"roche_n"
"2021-04-24","15_64",15,64,"south_west",0,3,"roche_n"
"2021-04-30","15_64",15,64,"south_west",25,258,"roche_n"
"2021-05-02","15_64",15,64,"south_west",0,1,"roche_n"
"2021-05-03","15_64",15,64,"south_west",2,3,"roche_n"
"2021-05-06","15_64",15,64,"south_west",26,213,"roche_n"
"2021-05-14","15_64",15,64,"south_west",19,238,"roche_n"
"2021-05-21","15_64",15,64,"south_west",21,216,"roche_n"
"2021-05-28","15_64",15,64,"south_west",22,243,"roche_n"
"2021-05-30","15_64",15,64,"south_west",1,2,"roche_n"
"2021-05-31","15_64",15,64,"south_west",1,11,"roche_n"
"2021-06-04","15_64",15,64,"south_west",12,168,"roche_n"
"2021-06-07","15_64",15,64,"south_west",0,3,"roche_n"
"2021-06-11","15_64",15,64,"south_west",18,227,"roche_n"
"2021-06-18","15_64",15,64,"south_west",27,242,"roche_n"
"2021-06-21","15_64",15,64,"south_west",0,1,"roche_n"
"2021-06-25","15_64",15,64,"south_west",23,208,"roche_n"
"2021-07-02","15_64",15,64,"south_west",18,219,"roche_n"
"2021-07-08","15_64",15,64,"south_west",28,194,"roche_n"
"2021-07-12","15_64",15,64,"south_west",2,5,"roche_n"
"2021-07-14","15_64",15,64,"south_west",8,166,"roche_n"
"2021-07-22","15_64",15,64,"south_west",15,193,"roche_n"
"2021-07-26","15_64",15,64,"south_west",0,4,"roche_n"
"2021-08-02","15_64",15,64,"south_west",19,250,"roche_n"
"2021-08-06","15_64",15,64,"south_west",32,208,"roche_n"
"2021-08-13","15_64",15,64,"south_west",33,243,"roche_n"
"2021-08-20","15_64",15,64,"south_west",34,226,"roche_n"
"2021-08-27","15_64",15,64,"south_west",32,232,"roche_n"
"2021-09-03","15_64",15,64,"south_west",30,237,"roche_n"
"2021-09-10","15_64",15,64,"south_west",24,225,"roche_n"
"2021-09-17","15_64",15,64,"south_west",44,248,"roche_n"
"2021-09-23","15_64",15,64,"south_west",0,5,"roche_n"
"2021-09-24","15_64",15,64,"south_west",22,221,"roche_n"
"2021-09-29","15_64",15,64,"south_west",14,118,"roche_n"
"2021-10-01","15_64",15,64,"south_west",12,112,"roche_n"
"2021-10-06","15_64",15,64,"south_west",21,124,"roche_n"
"2021-10-08","15_64",15,64,"south_west",20,118,"roche_n"
"2021-10-10","15_64",15,64,"south_west",0,1,"roche_n"
"2021-10-13","15_64",15,64,"south_west",35,226,"roche_n"
"2021-10-19","15_64",15,64,"south_west",3,10,"roche_n"
"2021-10-25","15_64",15,64,"south_west",41,218,"roche_n"
"2021-10-29","15_64",15,64,"south_west",20,140,"roche_n"
"2021-11-01","15_64",15,64,"south_west",27,128,"roche_n"
"2021-11-03","15_64",15,64,"south_west",7,25,"roche_n"
"2021-11-08","15_64",15,64,"south_west",23,114,"roche_n"
"2021-11-09","15_64",15,64,"south_west",32,121,"roche_n"
"2021-11-10","15_64",15,64,"south_west",16,100,"roche_n"
"2021-11-12","15_64",15,64,"south_west",23,128,"roche_n"
"2021-11-19","15_64",15,64,"south_west",52,230,"roche_n"
"2021-11-24","15_64",15,64,"south_west",34,232,"roche_n"
"2021-11-25","15_64",15,64,"south_west",0,1,"roche_n"
"2021-12-02","15_64",15,64,"south_west",0,2,"roche_n"
"2021-12-03","15_64",15,64,"south_west",52,243,"roche_n"
"2021-12-08","15_64",15,64,"south_west",35,231,"roche_n"
"2021-12-15","15_64",15,64,"south_west",29,134,"roche_n"
"2021-12-31","15_64",15,64,"south_west",50,215,"roche_n"
"2022-01-04","15_64",15,64,"south_west",0,2,"roche_n"
"2022-01-05","15_64",15,64,"south_west",52,214,"roche_n"
"2022-01-07","15_64",15,64,"south_west",0,1,"roche_n"
"2022-01-12","15_64",15,64,"south_west",49,218,"roche_n"
"2022-01-19","15_64",15,64,"south_west",65,237,"roche_n"
"2022-01-24","15_64",15,64,"south_west",0,1,"roche_n"
"2022-01-26","15_64",15,64,"south_west",42,231,"roche_n"
"2022-02-02","15_64",15,64,"south_west",62,191,"roche_n"
"2022-02-09","15_64",15,64,"south_west",80,264,"roche_n"
"2022-02-16","15_64",15,64,"south_west",81,221,"roche_n"
"2022-02-19","15_64",15,64,"south_west",0,2,"roche_n"
"2022-02-24","15_64",15,64,"south_west",101,242,"roche_n"
